Domain,TypingDifficult,CharacterFrequent
acegikahggim.bazar,63.833333333333336,4.455555555555556
acegilahggin.bazar,63.833333333333336,4.519444444444443
acegimahggio.bazar,60.833333333333336,4.932777777777776
acegjkahggjm.bazar,67.83333333333333,3.8666666666666663
acegjlahggjn.bazar,67.83333333333333,3.930555555555555
acegjmahggjo.bazar,64.83333333333333,4.343888888888888
acegkkahggkm.bazar,69.83333333333333,3.986666666666667
acegklahggkn.bazar,69.83333333333333,4.0505555555555555
acegkmahggko.bazar,66.83333333333333,4.463888888888888
acehikahghim.bazar,65.83333333333333,4.416666666666666
acehilahghin.bazar,65.83333333333333,4.480555555555555
acehimahghio.bazar,62.833333333333336,4.893888888888888
acehjkahghjm.bazar,69.83333333333333,3.8277777777777775
acehjlahghjn.bazar,69.83333333333333,3.8916666666666666
acehjmahghjo.bazar,66.83333333333333,4.305
acehkkahghkm.bazar,71.83333333333333,3.947777777777778
acehklahghkn.bazar,71.83333333333333,4.011666666666667
acehkmahghko.bazar,68.83333333333333,4.425
aceiikahgiim.bazar,59.833333333333336,4.8277777777777775
aceiilahgiin.bazar,59.833333333333336,4.891666666666667
aceiimahgiio.bazar,56.833333333333336,5.305
aceijkahgijm.bazar,63.833333333333336,4.238888888888889
aceijlahgijn.bazar,63.833333333333336,4.302777777777778
aceijmahgijo.bazar,60.833333333333336,4.716111111111111
aceikkahgikm.bazar,65.83333333333333,4.358888888888888
aceiklahgikn.bazar,65.83333333333333,4.422777777777778
aceikmahgiko.bazar,62.833333333333336,4.836111111111111
acfgikahhgim.bazar,65.83333333333333,4.071111111111112
acfgilahhgin.bazar,65.83333333333333,4.135
acfgimahhgio.bazar,62.833333333333336,4.548333333333333
acfgjkahhgjm.bazar,69.83333333333333,3.4822222222222217
acfgjlahhgjn.bazar,69.83333333333333,3.5461111111111103
acfgjmahhgjo.bazar,66.83333333333333,3.9594444444444443
acfgkkahhgkm.bazar,71.83333333333333,3.602222222222222
acfgklahhgkn.bazar,71.83333333333333,3.666111111111111
acfgkmahhgko.bazar,68.83333333333333,4.079444444444444
acfhikahhhim.bazar,66.77777777777777,4.032222222222222
acfhilahhhin.bazar,66.77777777777777,4.096111111111111
acfhimahhhio.bazar,63.77777777777777,4.509444444444443
acfhjkahhhjm.bazar,70.77777777777777,3.443333333333333
acfhjlahhhjn.bazar,70.77777777777777,3.5072222222222216
acfhjmahhhjo.bazar,67.77777777777777,3.920555555555555
acfhkkahhhkm.bazar,72.77777777777777,3.5633333333333335
acfhklahhhkn.bazar,72.77777777777777,3.6272222222222217
acfhkmahhhko.bazar,69.77777777777777,4.040555555555556
acfiikahhiim.bazar,61.833333333333336,4.443333333333333
acfiilahhiin.bazar,61.833333333333336,4.507222222222222
acfiimahhiio.bazar,58.833333333333336,4.920555555555555
acfijkahhijm.bazar,65.83333333333333,3.8544444444444443
acfijlahhijn.bazar,65.83333333333333,3.9183333333333326
acfijmahhijo.bazar,62.833333333333336,4.331666666666666
acfikkahhikm.bazar,67.83333333333333,3.974444444444445
acfiklahhikn.bazar,67.83333333333333,4.038333333333333
acfikmahhiko.bazar,64.83333333333333,4.451666666666665
acggikahigim.bazar,63.833333333333336,4.334444444444444
acggilahigin.bazar,63.833333333333336,4.398333333333333
acggimahigio.bazar,60.833333333333336,4.8116666666666665
acggjkahigjm.bazar,67.83333333333333,3.7455555555555557
acggjlahigjn.bazar,67.83333333333333,3.809444444444444
acggjmahigjo.bazar,64.83333333333333,4.222777777777778
acggkkahigkm.bazar,69.83333333333333,3.8655555555555554
acggklahigkn.bazar,69.83333333333333,3.9294444444444445
acggkmahigko.bazar,66.83333333333333,4.342777777777778
acghikahihim.bazar,65.77777777777777,4.295555555555556
acghilahihin.bazar,65.77777777777777,4.359444444444444
acghimahihio.bazar,62.77777777777778,4.772777777777777
acghjkahihjm.bazar,69.83333333333333,3.7066666666666666
acghjlahihjn.bazar,69.83333333333333,3.770555555555555
acghjmahihjo.bazar,66.83333333333333,4.183888888888888
acghkkahihkm.bazar,71.83333333333333,3.826666666666666
acghklahihkn.bazar,71.83333333333333,3.8905555555555558
acghkmahihko.bazar,68.83333333333333,4.303888888888888
acgiikahiiim.bazar,58.77777777777778,4.706666666666666
acgiilahiiin.bazar,58.77777777777778,4.770555555555555
acgiimahiiio.bazar,55.77777777777778,5.183888888888888
acgijkahiijm.bazar,63.833333333333336,4.117777777777778
acgijlahiijn.bazar,63.833333333333336,4.181666666666667
acgijmahiijo.bazar,60.833333333333336,4.595
acgikkahiikm.bazar,65.83333333333333,4.2377777777777785
acgiklahiikn.bazar,65.83333333333333,4.301666666666666
acgikmahiiko.bazar,62.833333333333336,4.715
achgikahjgim.bazar,66.83333333333333,4.020555555555555
achgilahjgin.bazar,66.83333333333333,4.084444444444444
achgimahjgio.bazar,63.833333333333336,4.497777777777777
achgjkahjgjm.bazar,70.83333333333333,3.4316666666666666
achgjlahjgjn.bazar,70.83333333333333,3.495555555555555
achgjmahjgjo.bazar,67.83333333333333,3.908888888888889
achgkkahjgkm.bazar,72.83333333333333,3.5516666666666667
achgklahjgkn.bazar,72.83333333333333,3.6155555555555554
achgkmahjgko.bazar,69.83333333333333,4.028888888888889
achhikahjhim.bazar,68.83333333333333,3.981666666666667
achhilahjhin.bazar,68.83333333333333,4.045555555555556
achhimahjhio.bazar,65.83333333333333,4.458888888888888
achhjkahjhjm.bazar,72.77777777777777,3.3927777777777774
achhjlahjhjn.bazar,72.77777777777777,3.456666666666666
achhjmahjhjo.bazar,69.77777777777777,3.869999999999999
achhkkahjhkm.bazar,74.83333333333333,3.5127777777777776
achhklahjhkn.bazar,74.83333333333333,3.576666666666666
achhkmahjhko.bazar,71.83333333333333,3.9899999999999998
achiikahjiim.bazar,62.833333333333336,4.392777777777778
achiilahjiin.bazar,62.833333333333336,4.456666666666666
achiimahjiio.bazar,59.833333333333336,4.869999999999999
achijkahjijm.bazar,66.83333333333333,3.803888888888889
achijlahjijn.bazar,66.83333333333333,3.867777777777777
achijmahjijo.bazar,63.833333333333336,4.281111111111111
achikkahjikm.bazar,68.83333333333333,3.9238888888888894
achiklahjikn.bazar,68.83333333333333,3.9877777777777776
achikmahjiko.bazar,65.83333333333333,4.40111111111111
adegikaiggim.bazar,57.833333333333336,4.417222222222223
adegilaiggin.bazar,57.833333333333336,4.48111111111111
adegimaiggio.bazar,54.833333333333336,4.894444444444443
adegjkaiggjm.bazar,61.833333333333336,3.828333333333333
adegjlaiggjn.bazar,61.833333333333336,3.8922222222222214
adegjmaiggjo.bazar,58.833333333333336,4.3055555555555545
adegkkaiggkm.bazar,63.833333333333336,3.9483333333333337
adegklaiggkn.bazar,63.833333333333336,4.012222222222222
adegkmaiggko.bazar,60.833333333333336,4.425555555555555
adehikaighim.bazar,59.833333333333336,4.378333333333333
adehilaighin.bazar,59.833333333333336,4.442222222222222
adehimaighio.bazar,56.833333333333336,4.855555555555555
adehjkaighjm.bazar,63.833333333333336,3.789444444444444
adehjlaighjn.bazar,63.833333333333336,3.8533333333333326
adehjmaighjo.bazar,60.833333333333336,4.266666666666667
adehkkaighkm.bazar,65.83333333333333,3.9094444444444445
adehklaighkn.bazar,65.83333333333333,3.973333333333333
adehkmaighko.bazar,62.833333333333336,4.386666666666667
adeiikaigiim.bazar,53.833333333333336,4.789444444444444
adeiilaigiin.bazar,53.833333333333336,4.8533333333333335
adeiimaigiio.bazar,50.833333333333336,5.266666666666667
adeijkaigijm.bazar,57.833333333333336,4.200555555555556
adeijlaigijn.bazar,57.833333333333336,4.264444444444445
adeijmaigijo.bazar,54.833333333333336,4.677777777777776
adeikkaigikm.bazar,59.833333333333336,4.320555555555555
adeiklaigikn.bazar,59.833333333333336,4.384444444444444
adeikmaigiko.bazar,56.833333333333336,4.797777777777778
adfgikaihgim.bazar,59.833333333333336,4.032777777777778
adfgilaihgin.bazar,59.833333333333336,4.096666666666667
adfgimaihgio.bazar,56.833333333333336,4.51
adfgjkaihgjm.bazar,63.833333333333336,3.4438888888888886
adfgjlaihgjn.bazar,63.833333333333336,3.507777777777777
adfgjmaihgjo.bazar,60.833333333333336,3.921111111111111
adfgkkaihgkm.bazar,65.83333333333333,3.563888888888889
adfgklaihgkn.bazar,65.83333333333333,3.6277777777777778
adfgkmaihgko.bazar,62.833333333333336,4.04111111111111
adfhikaihhim.bazar,61.833333333333336,3.993888888888889
adfhilaihhin.bazar,61.833333333333336,4.057777777777778
adfhimaihhio.bazar,58.833333333333336,4.47111111111111
adfhjkaihhjm.bazar,65.83333333333333,3.4049999999999994
adfhjlaihhjn.bazar,65.83333333333333,3.4688888888888885
adfhjmaihhjo.bazar,62.833333333333336,3.882222222222222
adfhkkaihhkm.bazar,67.83333333333333,3.5250000000000004
adfhklaihhkn.bazar,67.83333333333333,3.5888888888888886
adfhkmaihhko.bazar,64.83333333333333,4.002222222222223
adfiikaihiim.bazar,55.833333333333336,4.405
adfiilaihiin.bazar,55.833333333333336,4.468888888888888
adfiimaihiio.bazar,52.833333333333336,4.882222222222222
adfijkaihijm.bazar,59.833333333333336,3.816111111111111
adfijlaihijn.bazar,59.833333333333336,3.8799999999999994
adfijmaihijo.bazar,56.833333333333336,4.293333333333333
adfikkaihikm.bazar,61.833333333333336,3.936111111111112
adfiklaihikn.bazar,61.833333333333336,4.0
adfikmaihiko.bazar,58.833333333333336,4.413333333333332
adggikaiigim.bazar,57.833333333333336,4.296111111111111
adggilaiigin.bazar,57.833333333333336,4.3599999999999985
adggimaiigio.bazar,54.833333333333336,4.773333333333333
adggjkaiigjm.bazar,61.833333333333336,3.7072222222222226
adggjlaiigjn.bazar,61.833333333333336,3.771111111111111
adggjmaiigjo.bazar,58.833333333333336,4.184444444444445
adggkkaiigkm.bazar,63.833333333333336,3.8272222222222223
adggklaiigkn.bazar,63.833333333333336,3.8911111111111105
adggkmaiigko.bazar,60.833333333333336,4.304444444444445
adghikaiihim.bazar,59.833333333333336,4.2572222222222225
adghilaiihin.bazar,59.833333333333336,4.321111111111111
adghimaiihio.bazar,56.833333333333336,4.734444444444444
adghjkaiihjm.bazar,63.833333333333336,3.6683333333333334
adghjlaiihjn.bazar,63.833333333333336,3.7322222222222217
adghjmaiihjo.bazar,60.833333333333336,4.145555555555555
adghkkaiihkm.bazar,65.83333333333333,3.788333333333333
adghklaiihkn.bazar,65.83333333333333,3.852222222222222
adghkmaiihko.bazar,62.833333333333336,4.265555555555555
adgiikaiiiim.bazar,51.666666666666664,4.668333333333333
adgiilaiiiin.bazar,51.666666666666664,4.732222222222222
adgiimaiiiio.bazar,48.666666666666664,5.145555555555555
adgijkaiiijm.bazar,56.77777777777778,4.079444444444444
adgijlaiiijn.bazar,56.77777777777778,4.1433333333333335
adgijmaiiijo.bazar,53.77777777777778,4.556666666666667
adgikkaiiikm.bazar,58.77777777777778,4.1994444444444445
adgiklaiiikn.bazar,58.77777777777778,4.263333333333333
adgikmaiiiko.bazar,55.77777777777778,4.676666666666666
adhgikaijgim.bazar,60.833333333333336,3.9822222222222217
adhgilaijgin.bazar,60.833333333333336,4.046111111111111
adhgimaijgio.bazar,57.833333333333336,4.459444444444444
adhgjkaijgjm.bazar,64.83333333333333,3.393333333333333
adhgjlaijgjn.bazar,64.83333333333333,3.4572222222222218
adhgjmaijgjo.bazar,61.833333333333336,3.870555555555555
adhgkkaijgkm.bazar,66.83333333333333,3.5133333333333336
adhgklaijgkn.bazar,66.83333333333333,3.5772222222222223
adhgkmaijgko.bazar,63.833333333333336,3.9905555555555554
adhhikaijhim.bazar,62.833333333333336,3.9433333333333334
adhhilaijhin.bazar,62.833333333333336,4.007222222222222
adhhimaijhio.bazar,59.833333333333336,4.420555555555555
adhhjkaijhjm.bazar,66.83333333333333,3.3544444444444443
adhhjlaijhjn.bazar,66.83333333333333,3.418333333333333
adhhjmaijhjo.bazar,63.833333333333336,3.8316666666666657
adhhkkaijhkm.bazar,68.83333333333333,3.4744444444444444
adhhklaijhkn.bazar,68.83333333333333,3.5383333333333327
adhhkmaijhko.bazar,65.83333333333333,3.951666666666666
adhiikaijiim.bazar,56.833333333333336,4.354444444444443
adhiilaijiin.bazar,56.833333333333336,4.418333333333333
adhiimaijiio.bazar,53.833333333333336,4.831666666666666
adhijkaijijm.bazar,60.77777777777778,3.7655555555555558
adhijlaijijn.bazar,60.77777777777778,3.829444444444444
adhijmaijijo.bazar,57.77777777777778,4.2427777777777775
adhikkaijikm.bazar,62.833333333333336,3.8855555555555554
adhiklaijikn.bazar,62.833333333333336,3.9494444444444436
adhikmaijiko.bazar,59.833333333333336,4.362777777777777
aeegikajggim.bazar,58.833333333333336,4.4127777777777775
aeegilajggin.bazar,58.833333333333336,4.476666666666667
aeegimajggio.bazar,55.833333333333336,4.89
aeegjkajggjm.bazar,62.833333333333336,3.823888888888889
aeegjlajggjn.bazar,62.833333333333336,3.887777777777777
aeegjmajggjo.bazar,59.833333333333336,4.301111111111111
aeegkkajggkm.bazar,64.83333333333333,3.9438888888888886
aeegklajggkn.bazar,64.83333333333333,4.007777777777778
aeegkmajggko.bazar,61.833333333333336,4.421111111111111
aeehikajghim.bazar,60.833333333333336,4.373888888888889
aeehilajghin.bazar,60.833333333333336,4.437777777777777
aeehimajghio.bazar,57.833333333333336,4.85111111111111
aeehjkajghjm.bazar,64.83333333333333,3.7849999999999997
aeehjlajghjn.bazar,64.83333333333333,3.8488888888888884
aeehjmajghjo.bazar,61.833333333333336,4.2622222222222215
aeehkkajghkm.bazar,66.83333333333333,3.9050000000000002
aeehklajghkn.bazar,66.83333333333333,3.968888888888888
aeehkmajghko.bazar,63.833333333333336,4.382222222222222
aeeiikajgiim.bazar,54.833333333333336,4.785
aeeiilajgiin.bazar,54.833333333333336,4.848888888888888
aeeiimajgiio.bazar,51.833333333333336,5.2622222222222215
aeeijkajgijm.bazar,58.833333333333336,4.196111111111112
aeeijlajgijn.bazar,58.833333333333336,4.26
aeeijmajgijo.bazar,55.833333333333336,4.673333333333333
aeeikkajgikm.bazar,60.833333333333336,4.31611111111111
aeeiklajgikn.bazar,60.833333333333336,4.379999999999999
aeeikmajgiko.bazar,57.833333333333336,4.793333333333333
aefgikajhgim.bazar,60.833333333333336,4.028333333333333
aefgilajhgin.bazar,60.833333333333336,4.092222222222222
aefgimajhgio.bazar,57.833333333333336,4.505555555555555
aefgjkajhgjm.bazar,64.83333333333333,3.4394444444444443
aefgjlajhgjn.bazar,64.83333333333333,3.5033333333333325
aefgjmajhgjo.bazar,61.833333333333336,3.916666666666666
aefgkkajhgkm.bazar,66.83333333333333,3.559444444444445
aefgklajhgkn.bazar,66.83333333333333,3.623333333333333
aefgkmajhgko.bazar,63.833333333333336,4.036666666666666
aefhikajhhim.bazar,62.833333333333336,3.9894444444444446
aefhilajhhin.bazar,62.833333333333336,4.053333333333333
aefhimajhhio.bazar,59.833333333333336,4.466666666666666
aefhjkajhhjm.bazar,66.83333333333333,3.400555555555555
aefhjlajhhjn.bazar,66.83333333333333,3.4644444444444438
aefhjmajhhjo.bazar,63.833333333333336,3.877777777777777
aefhkkajhhkm.bazar,68.83333333333333,3.520555555555555
aefhklajhhkn.bazar,68.83333333333333,3.5844444444444443
aefhkmajhhko.bazar,65.83333333333333,3.9977777777777774
aefiikajhiim.bazar,56.833333333333336,4.400555555555555
aefiilajhiin.bazar,56.833333333333336,4.464444444444444
aefiimajhiio.bazar,53.833333333333336,4.877777777777777
aefijkajhijm.bazar,60.833333333333336,3.8116666666666665
aefijlajhijn.bazar,60.833333333333336,3.875555555555555
aefijmajhijo.bazar,57.833333333333336,4.288888888888889
aefikkajhikm.bazar,62.833333333333336,3.9316666666666666
aefiklajhikn.bazar,62.833333333333336,3.9955555555555557
aefikmajhiko.bazar,59.833333333333336,4.408888888888889
aeggikajigim.bazar,58.833333333333336,4.291666666666668
aeggilajigin.bazar,58.833333333333336,4.355555555555555
aeggimajigio.bazar,55.833333333333336,4.768888888888888
aeggjkajigjm.bazar,62.833333333333336,3.7027777777777775
aeggjlajigjn.bazar,62.833333333333336,3.7666666666666666
aeggjmajigjo.bazar,59.833333333333336,4.18
aeggkkajigkm.bazar,64.83333333333333,3.822777777777778
aeggklajigkn.bazar,64.83333333333333,3.8866666666666663
aeggkmajigko.bazar,61.833333333333336,4.3
aeghikajihim.bazar,60.833333333333336,4.252777777777777
aeghilajihin.bazar,60.833333333333336,4.3166666666666655
aeghimajihio.bazar,57.833333333333336,4.73
aeghjkajihjm.bazar,64.83333333333333,3.6638888888888883
aeghjlajihjn.bazar,64.83333333333333,3.7277777777777774
aeghjmajihjo.bazar,61.833333333333336,4.141111111111111
aeghkkajihkm.bazar,66.83333333333333,3.783888888888889
aeghklajihkn.bazar,66.83333333333333,3.847777777777777
aeghkmajihko.bazar,63.833333333333336,4.261111111111111
aegiikajiiim.bazar,53.77777777777778,4.663888888888889
aegiilajiiin.bazar,53.77777777777778,4.727777777777777
aegiimajiiio.bazar,50.77777777777778,5.141111111111112
aegijkajiijm.bazar,58.833333333333336,4.075
aegijlajiijn.bazar,58.833333333333336,4.138888888888888
aegijmajiijo.bazar,55.833333333333336,4.5522222222222215
aegikkajiikm.bazar,60.833333333333336,4.195
aegiklajiikn.bazar,60.833333333333336,4.2588888888888885
aegikmajiiko.bazar,57.833333333333336,4.672222222222221
aehgikajjgim.bazar,61.833333333333336,3.9777777777777774
aehgilajjgin.bazar,61.833333333333336,4.041666666666666
aehgimajjgio.bazar,58.833333333333336,4.454999999999999
aehgjkajjgjm.bazar,65.83333333333333,3.3888888888888884
aehgjlajjgjn.bazar,65.83333333333333,3.4527777777777775
aehgjmajjgjo.bazar,62.833333333333336,3.8661111111111106
aehgkkajjgkm.bazar,67.83333333333333,3.5088888888888885
aehgklajjgkn.bazar,67.83333333333333,3.572777777777777
aehgkmajjgko.bazar,64.83333333333333,3.9861111111111103
aehhikajjhim.bazar,63.833333333333336,3.938888888888888
aehhilajjhin.bazar,63.833333333333336,4.002777777777777
aehhimajjhio.bazar,60.833333333333336,4.4161111111111095
aehhjkajjhjm.bazar,67.83333333333333,3.3499999999999996
aehhjlajjhjn.bazar,67.83333333333333,3.4138888888888883
aehhjmajjhjo.bazar,64.83333333333333,3.8272222222222214
aehhkkajjhkm.bazar,69.83333333333333,3.4699999999999998
aehhklajjhkn.bazar,69.83333333333333,3.533888888888888
aehhkmajjhko.bazar,66.83333333333333,3.947222222222222
aehiikajjiim.bazar,57.833333333333336,4.35
aehiilajjiin.bazar,57.833333333333336,4.413888888888888
aehiimajjiio.bazar,54.833333333333336,4.827222222222222
aehijkajjijm.bazar,61.833333333333336,3.7611111111111106
aehijlajjijn.bazar,61.833333333333336,3.8249999999999997
aehijmajjijo.bazar,58.833333333333336,4.238333333333333
aehikkajjikm.bazar,63.833333333333336,3.881111111111111
aehiklajjikn.bazar,63.833333333333336,3.9450000000000003
aehikmajjiko.bazar,60.833333333333336,4.358333333333332
afegikakggim.bazar,60.833333333333336,4.107777777777779
afegilakggin.bazar,60.833333333333336,4.171666666666667
afegimakggio.bazar,57.833333333333336,4.584999999999999
afegjkakggjm.bazar,64.83333333333333,3.5188888888888887
afegjlakggjn.bazar,64.83333333333333,3.5827777777777774
afegjmakggjo.bazar,61.833333333333336,3.9961111111111105
afegkkakggkm.bazar,66.83333333333333,3.638888888888889
afegklakggkn.bazar,66.83333333333333,3.7027777777777775
afegkmakggko.bazar,63.833333333333336,4.1161111111111115
afehikakghim.bazar,62.833333333333336,4.068888888888889
afehilakghin.bazar,62.833333333333336,4.132777777777778
afehimakghio.bazar,59.833333333333336,4.546111111111111
afehjkakghjm.bazar,66.83333333333333,3.4799999999999995
afehjlakghjn.bazar,66.83333333333333,3.543888888888888
afehjmakghjo.bazar,63.833333333333336,3.9572222222222226
afehkkakghkm.bazar,68.83333333333333,3.5999999999999996
afehklakghkn.bazar,68.83333333333333,3.6638888888888883
afehkmakghko.bazar,65.83333333333333,4.077222222222222
afeiikakgiim.bazar,56.833333333333336,4.48
afeiilakgiin.bazar,56.833333333333336,4.5438888888888895
afeiimakgiio.bazar,53.833333333333336,4.957222222222223
afeijkakgijm.bazar,60.833333333333336,3.8911111111111114
afeijlakgijn.bazar,60.833333333333336,3.9550000000000005
afeijmakgijo.bazar,57.833333333333336,4.368333333333332
afeikkakgikm.bazar,62.833333333333336,4.011111111111111
afeiklakgikn.bazar,62.833333333333336,4.075
afeikmakgiko.bazar,59.833333333333336,4.488333333333333
affgikakhgim.bazar,62.833333333333336,3.723333333333333
affgilakhgin.bazar,62.833333333333336,3.7872222222222223
affgimakhgio.bazar,59.833333333333336,4.200555555555556
affgjkakhgjm.bazar,66.83333333333333,3.134444444444444
affgjlakhgjn.bazar,66.83333333333333,3.198333333333333
affgjmakhgjo.bazar,63.833333333333336,3.6116666666666664
affgkkakhgkm.bazar,68.83333333333333,3.254444444444444
affgklakhgkn.bazar,68.83333333333333,3.3183333333333334
affgkmakhgko.bazar,65.83333333333333,3.731666666666667
affhikakhhim.bazar,64.83333333333333,3.684444444444444
affhilakhhin.bazar,64.83333333333333,3.748333333333333
affhimakhhio.bazar,61.833333333333336,4.161666666666666
affhjkakhhjm.bazar,68.83333333333333,3.095555555555555
affhjlakhhjn.bazar,68.83333333333333,3.1594444444444445
affhjmakhhjo.bazar,65.83333333333333,3.572777777777778
affhkkakhhkm.bazar,70.83333333333333,3.2155555555555555
affhklakhhkn.bazar,70.83333333333333,3.279444444444444
affhkmakhhko.bazar,67.83333333333333,3.6927777777777777
affiikakhiim.bazar,58.833333333333336,4.095555555555556
affiilakhiin.bazar,58.833333333333336,4.1594444444444445
affiimakhiio.bazar,55.833333333333336,4.572777777777777
affijkakhijm.bazar,62.833333333333336,3.5066666666666664
affijlakhijn.bazar,62.833333333333336,3.5705555555555555
affijmakhijo.bazar,59.833333333333336,3.9838888888888886
affikkakhikm.bazar,64.83333333333333,3.626666666666667
affiklakhikn.bazar,64.83333333333333,3.690555555555555
affikmakhiko.bazar,61.833333333333336,4.103888888888889
afggikakigim.bazar,60.833333333333336,3.986666666666667
afggilakigin.bazar,60.833333333333336,4.0505555555555555
afggimakigio.bazar,57.833333333333336,4.4638888888888895
afggjkakigjm.bazar,64.83333333333333,3.397777777777778
afggjlakigjn.bazar,64.83333333333333,3.461666666666666
afggjmakigjo.bazar,61.833333333333336,3.874999999999999
afggkkakigkm.bazar,66.83333333333333,3.517777777777778
afggklakigkn.bazar,66.83333333333333,3.5816666666666666
afggkmakigko.bazar,63.833333333333336,3.9950000000000006
afghikakihim.bazar,62.833333333333336,3.947777777777778
afghilakihin.bazar,62.833333333333336,4.011666666666667
afghimakihio.bazar,59.833333333333336,4.425
afghjkakihjm.bazar,66.83333333333333,3.3588888888888886
afghjlakihjn.bazar,66.83333333333333,3.4227777777777773
afghjmakihjo.bazar,63.833333333333336,3.836111111111111
afghkkakihkm.bazar,68.83333333333333,3.478888888888889
afghklakihkn.bazar,68.83333333333333,3.5427777777777774
afghkmakihko.bazar,65.83333333333333,3.956111111111111
afgiikakiiim.bazar,55.77777777777778,4.358888888888888
afgiilakiiin.bazar,55.77777777777778,4.422777777777778
afgiimakiiio.bazar,52.77777777777778,4.836111111111111
afgijkakiijm.bazar,60.833333333333336,3.77
afgijlakiijn.bazar,60.833333333333336,3.8338888888888882
afgijmakiijo.bazar,57.833333333333336,4.247222222222223
afgikkakiikm.bazar,62.833333333333336,3.8899999999999997
afgiklakiikn.bazar,62.833333333333336,3.953888888888889
afgikmakiiko.bazar,59.833333333333336,4.367222222222222
afhgikakjgim.bazar,63.833333333333336,3.6727777777777777
afhgilakjgin.bazar,63.833333333333336,3.7366666666666664
afhgimakjgio.bazar,60.833333333333336,4.15
afhgjkakjgjm.bazar,67.83333333333333,3.0838888888888887
afhgjlakjgjn.bazar,67.83333333333333,3.147777777777778
afhgjmakjgjo.bazar,64.83333333333333,3.561111111111111
afhgkkakjgkm.bazar,69.83333333333333,3.203888888888889
afhgklakjgkn.bazar,69.83333333333333,3.2677777777777774
afhgkmakjgko.bazar,66.83333333333333,3.6811111111111106
afhhikakjhim.bazar,65.83333333333333,3.6338888888888885
afhhilakjhin.bazar,65.83333333333333,3.697777777777778
afhhimakjhio.bazar,62.833333333333336,4.111111111111111
afhhjkakjhjm.bazar,69.83333333333333,3.045
afhhjlakjhjn.bazar,69.83333333333333,3.1088888888888886
afhhjmakjhjo.bazar,66.83333333333333,3.522222222222222
afhhkkakjhkm.bazar,71.83333333333333,3.1649999999999996
afhhklakjhkn.bazar,71.83333333333333,3.2288888888888887
afhhkmakjhko.bazar,68.83333333333333,3.6422222222222222
afhiikakjiim.bazar,59.833333333333336,4.045
afhiilakjiin.bazar,59.833333333333336,4.108888888888888
afhiimakjiio.bazar,56.833333333333336,4.522222222222222
afhijkakjijm.bazar,63.833333333333336,3.456111111111111
afhijlakjijn.bazar,63.833333333333336,3.519999999999999
afhijmakjijo.bazar,60.833333333333336,3.933333333333333
afhikkakjikm.bazar,65.83333333333333,3.5761111111111115
afhiklakjikn.bazar,65.83333333333333,3.6399999999999997
afhikmakjiko.bazar,62.833333333333336,4.053333333333333
bcegikbhggim.bazar,65.83333333333333,3.8977777777777782
bcegilbhggin.bazar,65.83333333333333,3.961666666666667
bcegimbhggio.bazar,62.833333333333336,4.374999999999999
bcegjkbhggjm.bazar,69.83333333333333,3.3088888888888888
bcegjlbhggjn.bazar,69.83333333333333,3.372777777777777
bcegjmbhggjo.bazar,66.83333333333333,3.7861111111111105
bcegkkbhggkm.bazar,71.83333333333333,3.428888888888889
bcegklbhggkn.bazar,71.83333333333333,3.492777777777777
bcegkmbhggko.bazar,68.83333333333333,3.906111111111111
bcehikbhghim.bazar,67.83333333333333,3.8588888888888886
bcehilbhghin.bazar,67.83333333333333,3.9227777777777777
bcehimbhghio.bazar,64.83333333333333,4.336111111111111
bcehjkbhghjm.bazar,71.83333333333333,3.2699999999999996
bcehjlbhghjn.bazar,71.83333333333333,3.333888888888888
bcehjmbhghjo.bazar,68.83333333333333,3.747222222222222
bcehkkbhghkm.bazar,73.83333333333333,3.3899999999999992
bcehklbhghkn.bazar,73.83333333333333,3.4538888888888883
bcehkmbhghko.bazar,70.83333333333333,3.8672222222222223
bceiikbhgiim.bazar,61.833333333333336,4.27
bceiilbhgiin.bazar,61.833333333333336,4.333888888888888
bceiimbhgiio.bazar,58.833333333333336,4.747222222222223
bceijkbhgijm.bazar,65.83333333333333,3.6811111111111114
bceijlbhgijn.bazar,65.83333333333333,3.7449999999999997
bceijmbhgijo.bazar,62.833333333333336,4.158333333333334
bceikkbhgikm.bazar,67.83333333333333,3.801111111111111
bceiklbhgikn.bazar,67.83333333333333,3.8649999999999998
bceikmbhgiko.bazar,64.83333333333333,4.278333333333333
bcfgikbhhgim.bazar,67.83333333333333,3.513333333333333
bcfgilbhhgin.bazar,67.83333333333333,3.5772222222222223
bcfgimbhhgio.bazar,64.83333333333333,3.9905555555555554
bcfgjkbhhgjm.bazar,71.83333333333333,2.924444444444444
bcfgjlbhhgjn.bazar,71.83333333333333,2.988333333333333
bcfgjmbhhgjo.bazar,68.83333333333333,3.4016666666666664
bcfgkkbhhgkm.bazar,73.83333333333333,3.044444444444444
bcfgklbhhgkn.bazar,73.83333333333333,3.108333333333333
bcfgkmbhhgko.bazar,70.83333333333333,3.5216666666666665
bcfhikbhhhim.bazar,68.77777777777777,3.474444444444444
bcfhilbhhhin.bazar,68.77777777777777,3.5383333333333327
bcfhimbhhhio.bazar,65.77777777777777,3.951666666666666
bcfhjkbhhhjm.bazar,72.77777777777777,2.885555555555555
bcfhjlbhhhjn.bazar,72.77777777777777,2.949444444444444
bcfhjmbhhhjo.bazar,69.77777777777777,3.3627777777777776
bcfhkkbhhhkm.bazar,74.77777777777777,3.0055555555555546
bcfhklbhhhkn.bazar,74.77777777777777,3.069444444444444
bcfhkmbhhhko.bazar,71.77777777777777,3.4827777777777773
bcfiikbhhiim.bazar,63.833333333333336,3.8855555555555554
bcfiilbhhiin.bazar,63.833333333333336,3.9494444444444445
bcfiimbhhiio.bazar,60.833333333333336,4.362777777777777
bcfijkbhhijm.bazar,67.83333333333333,3.2966666666666664
bcfijlbhhijn.bazar,67.83333333333333,3.360555555555555
bcfijmbhhijo.bazar,64.83333333333333,3.7738888888888886
bcfikkbhhikm.bazar,69.83333333333333,3.4166666666666665
bcfiklbhhikn.bazar,69.83333333333333,3.480555555555555
bcfikmbhhiko.bazar,66.83333333333333,3.893888888888889
bcggikbhigim.bazar,65.83333333333333,3.776666666666667
bcggilbhigin.bazar,65.83333333333333,3.8405555555555555
bcggimbhigio.bazar,62.833333333333336,4.2538888888888895
bcggjkbhigjm.bazar,69.83333333333333,3.1877777777777774
bcggjlbhigjn.bazar,69.83333333333333,3.2516666666666665
bcggjmbhigjo.bazar,66.83333333333333,3.665
bcggkkbhigkm.bazar,71.83333333333333,3.3077777777777775
bcggklbhigkn.bazar,71.83333333333333,3.3716666666666666
bcggkmbhigko.bazar,68.83333333333333,3.7849999999999997
bcghikbhihim.bazar,67.77777777777777,3.7377777777777776
bcghilbhihin.bazar,67.77777777777777,3.8016666666666663
bcghimbhihio.bazar,64.77777777777777,4.215
bcghjkbhihjm.bazar,71.83333333333333,3.1488888888888886
bcghjlbhihjn.bazar,71.83333333333333,3.2127777777777777
bcghjmbhihjo.bazar,68.83333333333333,3.626111111111111
bcghkkbhihkm.bazar,73.83333333333333,3.2688888888888883
bcghklbhihkn.bazar,73.83333333333333,3.3327777777777774
bcghkmbhihko.bazar,70.83333333333333,3.7461111111111105
bcgiikbhiiim.bazar,60.77777777777778,4.148888888888889
bcgiilbhiiin.bazar,60.77777777777778,4.212777777777777
bcgiimbhiiio.bazar,57.77777777777778,4.626111111111111
bcgijkbhiijm.bazar,65.83333333333333,3.56
bcgijlbhiijn.bazar,65.83333333333333,3.6238888888888883
bcgijmbhiijo.bazar,62.833333333333336,4.037222222222223
bcgikkbhiikm.bazar,67.83333333333333,3.6800000000000006
bcgiklbhiikn.bazar,67.83333333333333,3.743888888888889
bcgikmbhiiko.bazar,64.83333333333333,4.157222222222222
bchgikbhjgim.bazar,68.83333333333333,3.4627777777777773
bchgilbhjgin.bazar,68.83333333333333,3.526666666666666
bchgimbhjgio.bazar,65.83333333333333,3.94
bchgjkbhjgjm.bazar,72.83333333333333,2.8738888888888887
bchgjlbhjgjn.bazar,72.83333333333333,2.937777777777778
bchgjmbhjgjo.bazar,69.83333333333333,3.351111111111111
bchgkkbhjgkm.bazar,74.83333333333333,2.9938888888888884
bchgklbhjgkn.bazar,74.83333333333333,3.0577777777777775
bchgkmbhjgko.bazar,71.83333333333333,3.4711111111111106
bchhikbhjhim.bazar,70.83333333333333,3.423888888888889
bchhilbhjhin.bazar,70.83333333333333,3.4877777777777776
bchhimbhjhio.bazar,67.83333333333333,3.9011111111111116
bchhjkbhjhjm.bazar,74.77777777777777,2.8349999999999995
bchhjlbhjhjn.bazar,74.77777777777777,2.898888888888889
bchhjmbhjhjo.bazar,71.77777777777777,3.312222222222222
bchhkkbhjhkm.bazar,76.83333333333333,2.955
bchhklbhjhkn.bazar,76.83333333333333,3.0188888888888887
bchhkmbhjhko.bazar,73.83333333333333,3.4322222222222223
bchiikbhjiim.bazar,64.83333333333333,3.835
bchiilbhjiin.bazar,64.83333333333333,3.8988888888888886
bchiimbhjiio.bazar,61.833333333333336,4.312222222222221
bchijkbhjijm.bazar,68.83333333333333,3.246111111111111
bchijlbhjijn.bazar,68.83333333333333,3.3099999999999996
bchijmbhjijo.bazar,65.83333333333333,3.723333333333333
bchikkbhjikm.bazar,70.83333333333333,3.366111111111111
bchiklbhjikn.bazar,70.83333333333333,3.4299999999999993
bchikmbhjiko.bazar,67.83333333333333,3.843333333333333
bdegikbiggim.bazar,59.833333333333336,3.8594444444444442
bdegilbiggin.bazar,59.833333333333336,3.923333333333333
bdegimbiggio.bazar,56.833333333333336,4.336666666666666
bdegjkbiggjm.bazar,63.833333333333336,3.270555555555555
bdegjlbiggjn.bazar,63.833333333333336,3.334444444444444
bdegjmbiggjo.bazar,60.833333333333336,3.7477777777777774
bdegkkbiggkm.bazar,65.83333333333333,3.3905555555555553
bdegklbiggkn.bazar,65.83333333333333,3.454444444444444
bdegkmbiggko.bazar,62.833333333333336,3.867777777777778
bdehikbighim.bazar,61.833333333333336,3.8205555555555555
bdehilbighin.bazar,61.833333333333336,3.8844444444444446
bdehimbighio.bazar,58.833333333333336,4.297777777777778
bdehjkbighjm.bazar,65.83333333333333,3.2316666666666665
bdehjlbighjn.bazar,65.83333333333333,3.2955555555555556
bdehjmbighjo.bazar,62.833333333333336,3.7088888888888882
bdehkkbighkm.bazar,67.83333333333333,3.351666666666666
bdehklbighkn.bazar,67.83333333333333,3.4155555555555552
bdehkmbighko.bazar,64.83333333333333,3.828888888888889
bdeiikbigiim.bazar,55.833333333333336,4.2316666666666665
bdeiilbigiin.bazar,55.833333333333336,4.295555555555556
bdeiimbigiio.bazar,52.833333333333336,4.70888888888889
bdeijkbigijm.bazar,59.833333333333336,3.6427777777777774
bdeijlbigijn.bazar,59.833333333333336,3.7066666666666666
bdeijmbigijo.bazar,56.833333333333336,4.12
bdeikkbigikm.bazar,61.833333333333336,3.762777777777778
bdeiklbigikn.bazar,61.833333333333336,3.826666666666666
bdeikmbigiko.bazar,58.833333333333336,4.24
bdfgikbihgim.bazar,61.833333333333336,3.4749999999999996
bdfgilbihgin.bazar,61.833333333333336,3.5388888888888888
bdfgimbihgio.bazar,58.833333333333336,3.9522222222222223
bdfgjkbihgjm.bazar,65.83333333333333,2.886111111111111
bdfgjlbihgjn.bazar,65.83333333333333,2.95
bdfgjmbihgjo.bazar,62.833333333333336,3.3633333333333333
bdfgkkbihgkm.bazar,67.83333333333333,3.0061111111111107
bdfgklbihgkn.bazar,67.83333333333333,3.07
bdfgkmbihgko.bazar,64.83333333333333,3.483333333333333
bdfhikbihhim.bazar,63.833333333333336,3.4361111111111113
bdfhilbihhin.bazar,63.833333333333336,3.4999999999999996
bdfhimbihhio.bazar,60.833333333333336,3.913333333333334
bdfhjkbihhjm.bazar,67.83333333333333,2.847222222222222
bdfhjlbihhjn.bazar,67.83333333333333,2.911111111111111
bdfhjmbihhjo.bazar,64.83333333333333,3.324444444444444
bdfhkkbihhkm.bazar,69.83333333333333,2.967222222222222
bdfhklbihhkn.bazar,69.83333333333333,3.0311111111111106
bdfhkmbihhko.bazar,66.83333333333333,3.4444444444444446
bdfiikbihiim.bazar,57.833333333333336,3.8472222222222223
bdfiilbihiin.bazar,57.833333333333336,3.9111111111111114
bdfiimbihiio.bazar,54.833333333333336,4.324444444444444
bdfijkbihijm.bazar,61.833333333333336,3.2583333333333333
bdfijlbihijn.bazar,61.833333333333336,3.322222222222222
bdfijmbihijo.bazar,58.833333333333336,3.735555555555555
bdfikkbihikm.bazar,63.833333333333336,3.378333333333333
bdfiklbihikn.bazar,63.833333333333336,3.442222222222222
bdfikmbihiko.bazar,60.833333333333336,3.855555555555556
bdggikbiigim.bazar,59.833333333333336,3.7383333333333337
bdggilbiigin.bazar,59.833333333333336,3.802222222222222
bdggimbiigio.bazar,56.833333333333336,4.215555555555556
bdggjkbiigjm.bazar,63.833333333333336,3.1494444444444443
bdggjlbiigjn.bazar,63.833333333333336,3.213333333333333
bdggjmbiigjo.bazar,60.833333333333336,3.626666666666667
bdggkkbiigkm.bazar,65.83333333333333,3.269444444444444
bdggklbiigkn.bazar,65.83333333333333,3.333333333333333
bdggkmbiigko.bazar,62.833333333333336,3.7466666666666666
bdghikbiihim.bazar,61.833333333333336,3.6994444444444445
bdghilbiihin.bazar,61.833333333333336,3.763333333333333
bdghimbiihio.bazar,58.833333333333336,4.176666666666666
bdghjkbiihjm.bazar,65.83333333333333,3.110555555555555
bdghjlbiihjn.bazar,65.83333333333333,3.1744444444444446
bdghjmbiihjo.bazar,62.833333333333336,3.5877777777777777
bdghkkbiihkm.bazar,67.83333333333333,3.2305555555555556
bdghklbiihkn.bazar,67.83333333333333,3.2944444444444443
bdghkmbiihko.bazar,64.83333333333333,3.7077777777777783
bdgiikbiiiim.bazar,53.666666666666664,4.110555555555556
bdgiilbiiiin.bazar,53.666666666666664,4.174444444444444
bdgiimbiiiio.bazar,50.666666666666664,4.587777777777777
bdgijkbiiijm.bazar,58.77777777777778,3.5216666666666665
bdgijlbiiijn.bazar,58.77777777777778,3.585555555555555
bdgijmbiiijo.bazar,55.77777777777778,3.998888888888889
bdgikkbiiikm.bazar,60.77777777777778,3.6416666666666675
bdgiklbiiikn.bazar,60.77777777777778,3.7055555555555557
bdgikmbiiiko.bazar,57.77777777777778,4.118888888888889
bdhgikbijgim.bazar,62.833333333333336,3.4244444444444446
bdhgilbijgin.bazar,62.833333333333336,3.488333333333333
bdhgimbijgio.bazar,59.833333333333336,3.901666666666667
bdhgjkbijgjm.bazar,66.83333333333333,2.8355555555555556
bdhgjlbijgjn.bazar,66.83333333333333,2.8994444444444447
bdhgjmbijgjo.bazar,63.833333333333336,3.3127777777777774
bdhgkkbijgkm.bazar,68.83333333333333,2.9555555555555553
bdhgklbijgkn.bazar,68.83333333333333,3.0194444444444444
bdhgkmbijgko.bazar,65.83333333333333,3.432777777777778
bdhhikbijhim.bazar,64.83333333333333,3.3855555555555554
bdhhilbijhin.bazar,64.83333333333333,3.449444444444444
bdhhimbijhio.bazar,61.833333333333336,3.8627777777777776
bdhhjkbijhjm.bazar,68.83333333333333,2.7966666666666664
bdhhjlbijhjn.bazar,68.83333333333333,2.8605555555555555
bdhhjmbijhjo.bazar,65.83333333333333,3.273888888888889
bdhhkkbijhkm.bazar,70.83333333333333,2.916666666666666
bdhhklbijhkn.bazar,70.83333333333333,2.9805555555555556
bdhhkmbijhko.bazar,67.83333333333333,3.3938888888888887
bdhiikbijiim.bazar,58.833333333333336,3.796666666666667
bdhiilbijiin.bazar,58.833333333333336,3.860555555555555
bdhiimbijiio.bazar,55.833333333333336,4.273888888888888
bdhijkbijijm.bazar,62.77777777777778,3.207777777777778
bdhijlbijijn.bazar,62.77777777777778,3.2716666666666665
bdhijmbijijo.bazar,59.77777777777778,3.685
bdhikkbijikm.bazar,64.83333333333333,3.3277777777777775
bdhiklbijikn.bazar,64.83333333333333,3.3916666666666666
bdhikmbijiko.bazar,61.833333333333336,3.8049999999999997
beegikbjggim.bazar,60.833333333333336,3.855
beegilbjggin.bazar,60.833333333333336,3.918888888888889
beegimbjggio.bazar,57.833333333333336,4.332222222222221
beegjkbjggjm.bazar,64.83333333333333,3.2661111111111105
beegjlbjggjn.bazar,64.83333333333333,3.3299999999999996
beegjmbjggjo.bazar,61.833333333333336,3.743333333333333
beegkkbjggkm.bazar,66.83333333333333,3.3861111111111106
beegklbjggkn.bazar,66.83333333333333,3.4499999999999997
beegkmbjggko.bazar,63.833333333333336,3.863333333333333
beehikbjghim.bazar,62.833333333333336,3.816111111111111
beehilbjghin.bazar,62.833333333333336,3.8799999999999994
beehimbjghio.bazar,59.833333333333336,4.293333333333333
beehjkbjghjm.bazar,66.83333333333333,3.2272222222222218
beehjlbjghjn.bazar,66.83333333333333,3.291111111111111
beehjmbjghjo.bazar,63.833333333333336,3.704444444444444
beehkkbjghkm.bazar,68.83333333333333,3.3472222222222214
beehklbjghkn.bazar,68.83333333333333,3.4111111111111105
beehkmbjghko.bazar,65.83333333333333,3.8244444444444436
beeiikbjgiim.bazar,56.833333333333336,4.227222222222222
beeiilbjgiin.bazar,56.833333333333336,4.29111111111111
beeiimbjgiio.bazar,53.833333333333336,4.704444444444444
beeijkbjgijm.bazar,60.833333333333336,3.638333333333333
beeijlbjgijn.bazar,60.833333333333336,3.7022222222222223
beeijmbjgijo.bazar,57.833333333333336,4.115555555555556
beeikkbjgikm.bazar,62.833333333333336,3.7583333333333337
beeiklbjgikn.bazar,62.833333333333336,3.822222222222222
beeikmbjgiko.bazar,59.833333333333336,4.235555555555555
befgikbjhgim.bazar,62.833333333333336,3.4705555555555554
befgilbjhgin.bazar,62.833333333333336,3.534444444444444
befgimbjhgio.bazar,59.833333333333336,3.947777777777778
befgjkbjhgjm.bazar,66.83333333333333,2.8816666666666664
befgjlbjhgjn.bazar,66.83333333333333,2.9455555555555555
befgjmbjhgjo.bazar,63.833333333333336,3.358888888888889
befgkkbjhgkm.bazar,68.83333333333333,3.0016666666666665
befgklbjhgkn.bazar,68.83333333333333,3.065555555555555
befgkmbjhgko.bazar,65.83333333333333,3.4788888888888887
befhikbjhhim.bazar,64.83333333333333,3.4316666666666666
befhilbjhhin.bazar,64.83333333333333,3.4955555555555553
befhimbjhhio.bazar,61.833333333333336,3.908888888888889
befhjkbjhhjm.bazar,68.83333333333333,2.8427777777777776
befhjlbjhhjn.bazar,68.83333333333333,2.9066666666666667
befhjmbjhhjo.bazar,65.83333333333333,3.32
befhkkbjhhkm.bazar,70.83333333333333,2.9627777777777773
befhklbjhhkn.bazar,70.83333333333333,3.0266666666666664
befhkmbjhhko.bazar,67.83333333333333,3.4399999999999995
befiikbjhiim.bazar,58.833333333333336,3.842777777777778
befiilbjhiin.bazar,58.833333333333336,3.906666666666667
befiimbjhiio.bazar,55.833333333333336,4.32
befijkbjhijm.bazar,62.833333333333336,3.2538888888888886
befijlbjhijn.bazar,62.833333333333336,3.3177777777777777
befijmbjhijo.bazar,59.833333333333336,3.731111111111111
befikkbjhikm.bazar,64.83333333333333,3.3738888888888883
befiklbjhikn.bazar,64.83333333333333,3.4377777777777774
befikmbjhiko.bazar,61.833333333333336,3.851111111111111
beggikbjigim.bazar,60.833333333333336,3.7338888888888895
beggilbjigin.bazar,60.833333333333336,3.7977777777777777
beggimbjigio.bazar,57.833333333333336,4.211111111111111
beggjkbjigjm.bazar,64.83333333333333,3.145
beggjlbjigjn.bazar,64.83333333333333,3.2088888888888887
beggjmbjigjo.bazar,61.833333333333336,3.6222222222222222
beggkkbjigkm.bazar,66.83333333333333,3.2649999999999997
beggklbjigkn.bazar,66.83333333333333,3.328888888888889
beggkmbjigko.bazar,63.833333333333336,3.7422222222222223
beghikbjihim.bazar,62.833333333333336,3.6950000000000003
beghilbjihin.bazar,62.833333333333336,3.7588888888888885
beghimbjihio.bazar,59.833333333333336,4.1722222222222225
beghjkbjihjm.bazar,66.83333333333333,3.106111111111111
beghjlbjihjn.bazar,66.83333333333333,3.17
beghjmbjihjo.bazar,63.833333333333336,3.5833333333333335
beghkkbjihkm.bazar,68.83333333333333,3.226111111111111
beghklbjihkn.bazar,68.83333333333333,3.29
beghkmbjihko.bazar,65.83333333333333,3.703333333333333
begiikbjiiim.bazar,55.77777777777778,4.106111111111112
begiilbjiiin.bazar,55.77777777777778,4.17
begiimbjiiio.bazar,52.77777777777778,4.583333333333332
begijkbjiijm.bazar,60.833333333333336,3.517222222222222
begijlbjiijn.bazar,60.833333333333336,3.581111111111111
begijmbjiijo.bazar,57.833333333333336,3.994444444444444
begikkbjiikm.bazar,62.833333333333336,3.6372222222222224
begiklbjiikn.bazar,62.833333333333336,3.7011111111111106
begikmbjiiko.bazar,59.833333333333336,4.114444444444445
behgikbjjgim.bazar,63.833333333333336,3.42
behgilbjjgin.bazar,63.833333333333336,3.4838888888888886
behgimbjjgio.bazar,60.833333333333336,3.8972222222222217
behgjkbjjgjm.bazar,67.83333333333333,2.8311111111111114
behgjlbjjgjn.bazar,67.83333333333333,2.895
behgjmbjjgjo.bazar,64.83333333333333,3.308333333333333
behgkkbjjgkm.bazar,69.83333333333333,2.951111111111111
behgklbjjgkn.bazar,69.83333333333333,3.0149999999999997
behgkmbjjgko.bazar,66.83333333333333,3.428333333333333
behhikbjjhim.bazar,65.83333333333333,3.381111111111111
behhilbjjhin.bazar,65.83333333333333,3.4449999999999994
behhimbjjhio.bazar,62.833333333333336,3.8583333333333334
behhjkbjjhjm.bazar,69.83333333333333,2.792222222222222
behhjlbjjhjn.bazar,69.83333333333333,2.8561111111111113
behhjmbjjhjo.bazar,66.83333333333333,3.2694444444444444
behhkkbjjhkm.bazar,71.83333333333333,2.912222222222222
behhklbjjhkn.bazar,71.83333333333333,2.976111111111111
behhkmbjjhko.bazar,68.83333333333333,3.3894444444444445
behiikbjjiim.bazar,59.833333333333336,3.7922222222222226
behiilbjjiin.bazar,59.833333333333336,3.856111111111111
behiimbjjiio.bazar,56.833333333333336,4.269444444444445
behijkbjjijm.bazar,63.833333333333336,3.203333333333333
behijlbjjijn.bazar,63.833333333333336,3.267222222222222
behijmbjjijo.bazar,60.833333333333336,3.6805555555555554
behikkbjjikm.bazar,65.83333333333333,3.323333333333333
behiklbjjikn.bazar,65.83333333333333,3.387222222222222
behikmbjjiko.bazar,62.833333333333336,3.8005555555555555
bfegikbkggim.bazar,62.833333333333336,3.5499999999999994
bfegilbkggin.bazar,62.833333333333336,3.613888888888889
bfegimbkggio.bazar,59.833333333333336,4.027222222222222
bfegjkbkggjm.bazar,66.83333333333333,2.961111111111111
bfegjlbkggjn.bazar,66.83333333333333,3.025
bfegjmbkggjo.bazar,63.833333333333336,3.438333333333333
bfegkkbkggkm.bazar,68.83333333333333,3.081111111111111
bfegklbkggkn.bazar,68.83333333333333,3.1449999999999996
bfegkmbkggko.bazar,65.83333333333333,3.558333333333333
bfehikbkghim.bazar,64.83333333333333,3.511111111111111
bfehilbkghin.bazar,64.83333333333333,3.5749999999999997
bfehimbkghio.bazar,61.833333333333336,3.9883333333333337
bfehjkbkghjm.bazar,68.83333333333333,2.9222222222222225
bfehjlbkghjn.bazar,68.83333333333333,2.9861111111111107
bfehjmbkghjo.bazar,65.83333333333333,3.3994444444444443
bfehkkbkghkm.bazar,70.83333333333333,3.0422222222222217
bfehklbkghkn.bazar,70.83333333333333,3.106111111111111
bfehkmbkghko.bazar,67.83333333333333,3.519444444444444
bfeiikbkgiim.bazar,58.833333333333336,3.9222222222222225
bfeiilbkgiin.bazar,58.833333333333336,3.986111111111111
bfeiimbkgiio.bazar,55.833333333333336,4.399444444444444
bfeijkbkgijm.bazar,62.833333333333336,3.333333333333333
bfeijlbkgijn.bazar,62.833333333333336,3.3972222222222213
bfeijmbkgijo.bazar,59.833333333333336,3.810555555555555
bfeikkbkgikm.bazar,64.83333333333333,3.453333333333333
bfeiklbkgikn.bazar,64.83333333333333,3.5172222222222214
bfeikmbkgiko.bazar,61.833333333333336,3.9305555555555554
bffgikbkhgim.bazar,64.83333333333333,3.1655555555555552
bffgilbkhgin.bazar,64.83333333333333,3.2294444444444443
bffgimbkhgio.bazar,61.833333333333336,3.6427777777777774
bffgjkbkhgjm.bazar,68.83333333333333,2.5766666666666667
bffgjlbkhgjn.bazar,68.83333333333333,2.6405555555555558
bffgjmbkhgjo.bazar,65.83333333333333,3.053888888888889
bffgkkbkhgkm.bazar,70.83333333333333,2.6966666666666668
bffgklbkhgkn.bazar,70.83333333333333,2.760555555555556
bffgkmbkhgko.bazar,67.83333333333333,3.1738888888888885
bffhikbkhhim.bazar,66.83333333333333,3.1266666666666665
bffhilbkhhin.bazar,66.83333333333333,3.190555555555555
bffhimbkhhio.bazar,63.833333333333336,3.6038888888888883
bffhjkbkhhjm.bazar,70.83333333333333,2.5377777777777775
bffhjlbkhhjn.bazar,70.83333333333333,2.601666666666667
bffhjmbkhhjo.bazar,67.83333333333333,3.0149999999999997
bffhkkbkhhkm.bazar,72.83333333333333,2.6577777777777776
bffhklbkhhkn.bazar,72.83333333333333,2.7216666666666667
bffhkmbkhhko.bazar,69.83333333333333,3.135
bffiikbkhiim.bazar,60.833333333333336,3.537777777777778
bffiilbkhiin.bazar,60.833333333333336,3.6016666666666666
bffiimbkhiio.bazar,57.833333333333336,4.015
bffijkbkhijm.bazar,64.83333333333333,2.948888888888889
bffijlbkhijn.bazar,64.83333333333333,3.0127777777777776
bffijmbkhijo.bazar,61.833333333333336,3.426111111111111
bffikkbkhikm.bazar,66.83333333333333,3.0688888888888886
bffiklbkhikn.bazar,66.83333333333333,3.132777777777777
bffikmbkhiko.bazar,63.833333333333336,3.546111111111111
bfggikbkigim.bazar,62.833333333333336,3.428888888888889
bfggilbkigin.bazar,62.833333333333336,3.492777777777777
bfggimbkigio.bazar,59.833333333333336,3.906111111111111
bfggjkbkigjm.bazar,66.83333333333333,2.84
bfggjlbkigjn.bazar,66.83333333333333,2.903888888888889
bfggjmbkigjo.bazar,63.833333333333336,3.317222222222222
bfggkkbkigkm.bazar,68.83333333333333,2.9599999999999995
bfggklbkigkn.bazar,68.83333333333333,3.023888888888889
bfggkmbkigko.bazar,65.83333333333333,3.437222222222222
bfghikbkihim.bazar,64.83333333333333,3.3899999999999997
bfghilbkihin.bazar,64.83333333333333,3.453888888888889
bfghimbkihio.bazar,61.833333333333336,3.8672222222222223
bfghjkbkihjm.bazar,68.83333333333333,2.8011111111111107
bfghjlbkihjn.bazar,68.83333333333333,2.865
bfghjmbkihjo.bazar,65.83333333333333,3.2783333333333333
bfghkkbkihkm.bazar,70.83333333333333,2.9211111111111108
bfghklbkihkn.bazar,70.83333333333333,2.985
bfghkmbkihko.bazar,67.83333333333333,3.398333333333333
bfgiikbkiiim.bazar,57.77777777777778,3.801111111111111
bfgiilbkiiin.bazar,57.77777777777778,3.8649999999999998
bfgiimbkiiio.bazar,54.77777777777778,4.278333333333333
bfgijkbkiijm.bazar,62.833333333333336,3.212222222222222
bfgijlbkiijn.bazar,62.833333333333336,3.276111111111111
bfgijmbkiijo.bazar,59.833333333333336,3.6894444444444443
bfgikkbkiikm.bazar,64.83333333333333,3.332222222222222
bfgiklbkiikn.bazar,64.83333333333333,3.396111111111111
bfgikmbkiiko.bazar,61.833333333333336,3.809444444444445
bfhgikbkjgim.bazar,65.83333333333333,3.1149999999999998
bfhgilbkjgin.bazar,65.83333333333333,3.1788888888888884
bfhgimbkjgio.bazar,62.833333333333336,3.592222222222222
bfhgjkbkjgjm.bazar,69.83333333333333,2.526111111111111
bfhgjlbkjgjn.bazar,69.83333333333333,2.59
bfhgjmbkjgjo.bazar,66.83333333333333,3.003333333333333
bfhgkkbkjgkm.bazar,71.83333333333333,2.6461111111111113
bfhgklbkjgkn.bazar,71.83333333333333,2.7099999999999995
bfhgkmbkjgko.bazar,68.83333333333333,3.123333333333333
bfhhikbkjhim.bazar,67.83333333333333,3.076111111111111
bfhhilbkjhin.bazar,67.83333333333333,3.1399999999999997
bfhhimbkjhio.bazar,64.83333333333333,3.553333333333333
bfhhjkbkjhjm.bazar,71.83333333333333,2.4872222222222224
bfhhjlbkjhjn.bazar,71.83333333333333,2.551111111111111
bfhhjmbkjhjo.bazar,68.83333333333333,2.964444444444444
bfhhkkbkjhkm.bazar,73.83333333333333,2.607222222222222
bfhhklbkjhkn.bazar,73.83333333333333,2.6711111111111108
bfhhkmbkjhko.bazar,70.83333333333333,3.0844444444444443
bfhiikbkjiim.bazar,61.833333333333336,3.487222222222222
bfhiilbkjiin.bazar,61.833333333333336,3.5511111111111107
bfhiimbkjiio.bazar,58.833333333333336,3.964444444444444
bfhijkbkjijm.bazar,65.83333333333333,2.898333333333333
bfhijlbkjijn.bazar,65.83333333333333,2.962222222222222
bfhijmbkjijo.bazar,62.833333333333336,3.3755555555555556
bfhikkbkjikm.bazar,67.83333333333333,3.018333333333333
bfhiklbkjikn.bazar,67.83333333333333,3.082222222222222
bfhikmbkjiko.bazar,64.83333333333333,3.4955555555555553
ccegikchggim.bazar,69.83333333333333,4.454444444444444
ccegilchggin.bazar,69.83333333333333,4.5183333333333335
ccegimchggio.bazar,66.83333333333333,4.931666666666667
ccegjkchggjm.bazar,73.83333333333333,3.8655555555555554
ccegjlchggjn.bazar,73.83333333333333,3.929444444444444
ccegjmchggjo.bazar,70.83333333333333,4.342777777777776
ccegkkchggkm.bazar,75.83333333333333,3.985555555555555
ccegklchggkn.bazar,75.83333333333333,4.049444444444444
ccegkmchggko.bazar,72.83333333333333,4.462777777777777
ccehikchghim.bazar,71.83333333333333,4.415555555555554
ccehilchghin.bazar,71.83333333333333,4.479444444444443
ccehimchghio.bazar,68.83333333333333,4.892777777777777
ccehjkchghjm.bazar,75.83333333333333,3.826666666666666
ccehjlchghjn.bazar,75.83333333333333,3.890555555555555
ccehjmchghjo.bazar,72.83333333333333,4.303888888888888
ccehkkchghkm.bazar,77.83333333333333,3.946666666666667
ccehklchghkn.bazar,77.83333333333333,4.0105555555555545
ccehkmchghko.bazar,74.83333333333333,4.423888888888888
cceiikchgiim.bazar,65.83333333333333,4.826666666666665
cceiilchgiin.bazar,65.83333333333333,4.890555555555554
cceiimchgiio.bazar,62.833333333333336,5.303888888888888
cceijkchgijm.bazar,69.83333333333333,4.237777777777778
cceijlchgijn.bazar,69.83333333333333,4.301666666666666
cceijmchgijo.bazar,66.83333333333333,4.715
cceikkchgikm.bazar,71.83333333333333,4.357777777777777
cceiklchgikn.bazar,71.83333333333333,4.421666666666666
cceikmchgiko.bazar,68.83333333333333,4.834999999999999
ccfgikchhgim.bazar,71.83333333333333,4.07
ccfgilchhgin.bazar,71.83333333333333,4.1338888888888885
ccfgimchhgio.bazar,68.83333333333333,4.547222222222221
ccfgjkchhgjm.bazar,75.83333333333333,3.4811111111111104
ccfgjlchhgjn.bazar,75.83333333333333,3.5449999999999995
ccfgjmchhgjo.bazar,72.83333333333333,3.9583333333333326
ccfgkkchhgkm.bazar,77.83333333333333,3.601111111111111
ccfgklchhgkn.bazar,77.83333333333333,3.665
ccfgkmchhgko.bazar,74.83333333333333,4.078333333333333
ccfhikchhhim.bazar,72.77777777777777,4.0311111111111115
ccfhilchhhin.bazar,72.77777777777777,4.095
ccfhimchhhio.bazar,69.77777777777777,4.508333333333333
ccfhjkchhhjm.bazar,76.77777777777777,3.4422222222222216
ccfhjlchhhjn.bazar,76.77777777777777,3.5061111111111103
ccfhjmchhhjo.bazar,73.77777777777777,3.9194444444444443
ccfhkkchhhkm.bazar,78.77777777777777,3.5622222222222217
ccfhklchhhkn.bazar,78.77777777777777,3.626111111111111
ccfhkmchhhko.bazar,75.77777777777777,4.039444444444444
ccfiikchhiim.bazar,67.83333333333333,4.442222222222222
ccfiilchhiin.bazar,67.83333333333333,4.506111111111111
ccfiimchhiio.bazar,64.83333333333333,4.919444444444444
ccfijkchhijm.bazar,71.83333333333333,3.8533333333333335
ccfijlchhijn.bazar,71.83333333333333,3.9172222222222217
ccfijmchhijo.bazar,68.83333333333333,4.330555555555554
ccfikkchhikm.bazar,73.83333333333333,3.973333333333333
ccfiklchhikn.bazar,73.83333333333333,4.037222222222223
ccfikmchhiko.bazar,70.83333333333333,4.450555555555556
ccggikchigim.bazar,69.83333333333333,4.333333333333332
ccggilchigin.bazar,69.83333333333333,4.397222222222222
ccggimchigio.bazar,66.83333333333333,4.810555555555555
ccggjkchigjm.bazar,73.83333333333333,3.744444444444444
ccggjlchigjn.bazar,73.83333333333333,3.808333333333333
ccggjmchigjo.bazar,70.83333333333333,4.221666666666667
ccggkkchigkm.bazar,75.83333333333333,3.8644444444444446
ccggklchigkn.bazar,75.83333333333333,3.928333333333333
ccggkmchigko.bazar,72.83333333333333,4.341666666666666
ccghikchihim.bazar,71.77777777777777,4.294444444444444
ccghilchihin.bazar,71.77777777777777,4.358333333333333
ccghimchihio.bazar,68.77777777777777,4.7716666666666665
ccghjkchihjm.bazar,75.83333333333333,3.7055555555555557
ccghjlchihjn.bazar,75.83333333333333,3.769444444444444
ccghjmchihjo.bazar,72.83333333333333,4.182777777777778
ccghkkchihkm.bazar,77.83333333333333,3.8255555555555554
ccghklchihkn.bazar,77.83333333333333,3.889444444444444
ccghkmchihko.bazar,74.83333333333333,4.302777777777778
ccgiikchiiim.bazar,64.77777777777777,4.705555555555556
ccgiilchiiin.bazar,64.77777777777777,4.769444444444443
ccgiimchiiio.bazar,61.77777777777778,5.182777777777778
ccgijkchiijm.bazar,69.83333333333333,4.116666666666667
ccgijlchiijn.bazar,69.83333333333333,4.180555555555555
ccgijmchiijo.bazar,66.83333333333333,4.593888888888888
ccgikkchiikm.bazar,71.83333333333333,4.236666666666667
ccgiklchiikn.bazar,71.83333333333333,4.300555555555556
ccgikmchiiko.bazar,68.83333333333333,4.713888888888888
cchgikchjgim.bazar,72.77777777777777,4.019444444444445
cchgilchjgin.bazar,72.77777777777777,4.083333333333332
cchgimchjgio.bazar,69.77777777777777,4.496666666666666
cchgjkchjgjm.bazar,76.77777777777777,3.4305555555555554
cchgjlchjgjn.bazar,76.77777777777777,3.4944444444444436
cchgjmchjgjo.bazar,73.77777777777777,3.907777777777777
cchgkkchjgkm.bazar,78.77777777777777,3.5505555555555555
cchgklchjgkn.bazar,78.77777777777777,3.6144444444444437
cchgkmchjgko.bazar,75.77777777777777,4.027777777777777
cchhikchjhim.bazar,74.77777777777777,3.980555555555555
cchhilchjhin.bazar,74.77777777777777,4.044444444444444
cchhimchjhio.bazar,71.77777777777777,4.457777777777777
cchhjkchjhjm.bazar,78.72222222222223,3.3916666666666666
cchhjlchjhjn.bazar,78.72222222222223,3.455555555555555
cchhjmchjhjo.bazar,75.72222222222223,3.868888888888888
cchhkkchjhkm.bazar,80.77777777777777,3.5116666666666667
cchhklchjhkn.bazar,80.77777777777777,3.575555555555555
cchhkmchjhko.bazar,77.77777777777777,3.988888888888889
cchiikchjiim.bazar,68.77777777777777,4.391666666666667
cchiilchjiin.bazar,68.77777777777777,4.455555555555554
cchiimchjiio.bazar,65.77777777777777,4.868888888888889
cchijkchjijm.bazar,72.77777777777777,3.802777777777777
cchijlchjijn.bazar,72.77777777777777,3.8666666666666663
cchijmchjijo.bazar,69.77777777777777,4.279999999999999
cchikkchjikm.bazar,74.77777777777777,3.9227777777777777
cchiklchjikn.bazar,74.77777777777777,3.986666666666667
cchikmchjiko.bazar,71.77777777777777,4.399999999999999
cdegikciggim.bazar,63.833333333333336,4.41611111111111
cdegilciggin.bazar,63.833333333333336,4.48
cdegimciggio.bazar,60.833333333333336,4.8933333333333335
cdegjkciggjm.bazar,67.83333333333333,3.8272222222222223
cdegjlciggjn.bazar,67.83333333333333,3.8911111111111105
cdegjmciggjo.bazar,64.83333333333333,4.304444444444445
cdegkkciggkm.bazar,69.83333333333333,3.947222222222222
cdegklciggkn.bazar,69.83333333333333,4.011111111111111
cdegkmciggko.bazar,66.83333333333333,4.424444444444444
cdehikcighim.bazar,65.83333333333333,4.377222222222223
cdehilcighin.bazar,65.83333333333333,4.44111111111111
cdehimcighio.bazar,62.833333333333336,4.854444444444443
cdehjkcighjm.bazar,69.83333333333333,3.788333333333333
cdehjlcighjn.bazar,69.83333333333333,3.8522222222222218
cdehjmcighjo.bazar,66.83333333333333,4.265555555555555
cdehkkcighkm.bazar,71.83333333333333,3.9083333333333337
cdehklcighkn.bazar,71.83333333333333,3.9722222222222223
cdehkmcighko.bazar,68.83333333333333,4.3855555555555545
cdeiikcigiim.bazar,59.833333333333336,4.788333333333334
cdeiilcigiin.bazar,59.833333333333336,4.852222222222221
cdeiimcigiio.bazar,56.833333333333336,5.265555555555554
cdeijkcigijm.bazar,63.833333333333336,4.1994444444444445
cdeijlcigijn.bazar,63.833333333333336,4.263333333333333
cdeijmcigijo.bazar,60.833333333333336,4.676666666666666
cdeikkcigikm.bazar,65.83333333333333,4.319444444444444
cdeiklcigikn.bazar,65.83333333333333,4.383333333333333
cdeikmcigiko.bazar,62.833333333333336,4.796666666666666
cdfgikcihgim.bazar,65.83333333333333,4.031666666666667
