migrationispeopleofof.biz,72.84,5.207199999999998
ofhonorcommontruthslarge.biz,91.89285714285714,5.417142857142857
itsmeantimeeffectand.cn,72.82608695652173,5.436086956521739
theirincapableasthebeen.biz,89.81481481481481,4.948518518518518
uspetitionedrefusing.com,70.83333333333333,5.245
quarteringsufferance.com,74.875,5.152500000000001
safetyforthathasallthem.net,89.70370370370371,4.9403703703703705
underpeoplecausesevery.biz,82.84615384615384,4.888076923076923
oftoamountisthethein.ru,66.78260869565217,5.397391304347826
stateourfullowngoodscarcely.com,101.93548387096774,5.541612903225806
offreeofdestructiveof.biz,74.76,4.901199999999999
entitlefriendstheain.ru,67.8695652173913,5.068260869565218
peoplefromstatesjuly.ru,68.91304347826087,4.85217391304348
settlement1776righthe.ru,79.08333333333333,4.173749999999999
arewarlawsrepresentation.ru,79.81481481481481,5.474074074074074
paralleledinofficesgovernment.com,104.9090909090909,5.53
toaunusualinsystemsthe.com,85.88461538461539,5.299230769230769
statesinvasionsatbands.ru,84.84,5.1572000000000005
welibertytotallyalone.net,75.84,5.1832
separatetoandevinces.com,77.91666666666667,5.921250000000001
circumstancestheirthis.biz,93.8076923076923,5.035
ourtransportingdisposed.ru,77.76923076923077,5.201538461538461
necessaryhastheiralter.ru,83.92,5.308
toofforcaseshighitto.ru,71.82608695652173,5.377391304347825
declareallweandrectitude.ru,81.77777777777777,5.208518518518518
themredresscoloniestheir.com,90.71428571428571,5.978928571428571
oftrialtrialacircumstances.cn,99.6896551724138,5.658275862068965
repeatedofsufferaccommodation.ru,92.90625,5.6853125
thisfriendsthethatthe.cn,82.70833333333333,4.734166666666666
armiesstatesworldofwith.com,84.88888888888889,5.411481481481481
ofandatseemwhichtolarge.net,85.92592592592592,5.335925925925926
invariablyanyourrequires.biz,87.89285714285714,4.556785714285714
refusedgovernmentsought.cn,84.92307692307692,5.028846153846154
fromconnectedaunited.biz,75.79166666666667,5.273749999999999
offorbyintheandwhenwar.net,80.88461538461539,4.648461538461539
towhenremindedmercenaries.ru,82.89285714285714,5.58892857142857
formidableforeignthe.net,69.79166666666667,5.19625
ofconstitutionpowers.biz,74.83333333333333,5.195833333333332
ofarenothathtotimesformidable.com,99.87878787878788,5.787878787878788
inintohistoryannihilation.net,89.79310344827586,5.446551724137931
toinrightsstatestoinjury.cn,89.70370370370371,5.071111111111111
theirofhasthethehisbe.com,83.68,5.1556
protectingincapablehe.ru,76.875,5.175
thoseanyassumeoutages.biz,82.92,5.0896
hasrightplunderedconsent.net,92.92857142857143,5.023571428571428
withoutofunusualoffor.ru,66.875,4.642083333333333
thefromistowithtoreduce.ru,75.84615384615384,5.292692307692307
absoluteabdicatedabsolute.ru,85.39285714285714,5.177499999999999
pursuingandreliancecolonies.biz,101.90322580645162,5.204516129032259
thereinhetoorganizing.com,79.84,5.535999999999999
paymentotherenemiesagainst.net,91.86666666666666,5.601333333333333
ithaveoninhefornation.biz,78.88,5.147599999999999
constrainsassumefora.ru,74.82608695652173,5.633478260869566
anthatlawscrownforsuspended.ru,97.93333333333334,4.870999999999999
suspendedandhaveincreated.cn,93.85714285714286,5.051071428571428
theandbrethrencorrespondence.ru,99.70967741935483,5.530645161290321
kingholdhastheseforliberty.ru,95.93103448275862,4.624137931034483
insurrectionstheirnot.net,77.88,5.694399999999999
ofnativebeenlegislative.cn,83.65384615384616,5.164615384615384
provebypowerstotheir.com,73.91666666666667,5.375
theforlargeinhasundistinguished.biz,114.85714285714286,4.552571428571427
powerseventsforofthe.net,72.91666666666667,5.286666666666666
rightopposingabolishing.net,87.81481481481481,4.883703703703703
savagestyrantsoftheir.net,82.92,5.0836
crownforsufferancewith.biz,85.92307692307692,4.636153846153846
weareaofofamericabecomes.net,82.82142857142857,6.121428571428572
thingsofseparatetofatiguing.biz,97.7741935483871,4.740322580645162
ofnowcoloniesunusual.ru,69.8695652173913,5.280869565217391
oftheconstrainspublish.com,89.84615384615384,5.219615384615385
offorwagingtheofjurisdiction.ru,92.90322580645162,4.824838709677418
depositorypeopleover.biz,70.875,5.193749999999999
publishpoliticalinwhich.biz,94.81481481481481,4.153333333333332
ofourhasaofnativetaken.biz,82.88461538461539,5.008461538461538
rightprovideassumeto.com,74.91666666666667,5.437916666666666
petitionedofpetitioned.com,69.23076923076923,5.7896153846153835
shouldpretendedmayato.ru,70.91666666666667,5.021250000000001
ofonrightsallhathwhen.ru,80.91666666666667,4.542916666666668
actsunwarrantableabuses.biz,92.88888888888889,4.791851851851851
rightsdisposedallshould.biz,92.92592592592592,4.377037037037037
topeoplehasrestaffected.ru,78.88461538461539,5.301923076923075
sufferableindianrights.net,81.92307692307692,4.670384615384615
otherthepassutterlyand.biz,85.76923076923077,4.679615384615384
administrationoftoand.ru,68.91666666666667,5.519166666666666
nativegovernmentforeign.com,83.88888888888889,5.588518518518518
andmayprotectiontobe.net,71.91666666666667,5.7299999999999995
inswarmssavagesformer.biz,84.88,4.9276
themsolemnlyfactswhich.ru,88.88,4.698
theareintroducingtried.biz,79.84615384615384,4.992692307692307
largewhichgovernments.net,84.92,5.0092
markedeveryevilsinvariably.com,99.86666666666666,4.927666666666667
hasandlighttoopinions.cn,81.91666666666667,5.201666666666665
whichhasfromdeclaring.cn,87.91666666666667,4.8149999999999995
themselvestheytorespect.biz,92.77777777777777,4.966296296296296
thewithtogreatournative.cn,80.8076923076923,5.2299999999999995
areunlessofandallegiance.net,89.85714285714286,5.475357142857143
evincesthatabsoluteare.net,83.92307692307692,5.489615384615385
thesetobewarfarebecomes.net,82.77777777777777,5.712962962962962
markedsubmittedcreated.net,78.76923076923077,5.251153846153846
byarelongofaccommodation.com,89.78571428571429,6.081785714285716
ofasuchthereinreduce.net,75.83333333333333,5.336666666666666
seaswhichandoffenses.net,82.875,4.988333333333332
representativedenounces.ru,78.8076923076923,5.5142307692307675
andeverythattheandhave.biz,88.6923076923077,4.412692307692307
historyformsbeentimes.biz,80.88,5.030799999999998
themotherofonthatthese.com,82.65384615384616,5.775769230769232
inthemthehasthispublic.ru,84.76,4.5072
atthesefordeclareand.cn,75.91304347826087,5.532173913043478
andalliancesourweindian.com,85.74074074074075,5.563333333333333
rightitimposingwhich.net,78.875,4.620416666666666
fordeclareareofthese.biz,74.79166666666667,5.367083333333333
toharassinsurrections.com,84.88,5.930400000000001
theaarerightindianand.com,78.84,5.358799999999999
shoulddepositorythelaws.ru,81.92307692307692,4.786153846153847
takingtojustthemdeclaring.net,94.82758620689656,4.93551724137931
fatiguingofforofforhas.com,78.65384615384616,5.118846153846154
rectitudetrialwithprotecting.biz,99.75,4.9290625000000015
inourwarnedtotherein.biz,70.875,5.120416666666666
themincapablewhichof.net,80.91666666666667,4.871666666666666
rightcircumstanceshas.cn,91.91666666666667,5.222083333333334
frominnecessityamongst.biz,87.92307692307692,5.1680769230769235
powerunlessofofwarpeople.net,80.85714285714286,5.2557142857142845
tyrantbrethrenarmies.ru,70.8695652173913,5.179565217391305
directlibertytoandstates.biz,90.92857142857143,5.0217857142857145
hasrepresentationhonor.biz,83.84615384615384,5.480769230769231
plunderedconvulsions.ru,73.8695652173913,4.862608695652174
crueltyerectedantodissolved.net,98.90322580645162,5.444193548387096
thefromofinstitutedemigration.ru,89.90625,5.3553125
havedeafanytheirinjury.cn,82.92,4.4319999999999995
britaintodecenthaveconsent.ru,93.75862068965517,5.530689655172412
theseitsaccustomedterms.cn,89.92307692307692,5.703076923076923
sufferandlegislative.ru,70.91304347826087,4.53695652173913
inthatofwhichjudiciary.cn,86.88,4.4144
alonethebeweausurpations.net,83.78571428571429,5.388214285714285
heresameremindednatures.ru,75.6923076923077,5.4934615384615375
coloniesiswarhasadesign.net,89.81481481481481,5.4833333333333325
theirwillwetolighthis.com,80.88,4.8348
intohistoryhereacquiesce.ru,84.88888888888889,5.378888888888888
beenwhichchangeditsfrom.net,91.88888888888889,4.912592592592592
consanguinityandtheir.biz,83.88,4.7063999999999995
arehathussuchofficers.cn,86.91666666666667,4.968333333333333
certainanativeprinciples.biz,92.85714285714286,5.101785714285713
theirabusesallhonormay.cn,84.92,5.2792
conditionsbrethrensent.ru,79.76,5.4472000000000005
ofnewwebetheirandtruths.cn,82.88461538461539,4.781923076923078
theandtobywhichdestructive.ru,96.89655172413794,4.553793103448276
atheyrightthethemselves.ru,86.6923076923077,4.665384615384616
freeforeignofahathrequires.biz,89.83333333333333,4.883
valuableholdtocommon.biz,79.91666666666667,5.129583333333333
denouncesthemselvesin.com,84.88,5.619199999999999
shouldofwhichbrethren.net,83.84,4.6476
safetysuchwhichtheir.ru,80.8695652173913,4.288260869565218
forhaveinhabitantsand.cn,82.83333333333333,4.902499999999999
mankindtoofandforofhas.biz,83.8076923076923,4.853846153846153
shouldofandthepowerforeigners.ru,95.90625,5.0621874999999985
warcrueltyforinhappiness.cn,90.88888888888889,4.8740740740740724
hecommerceweindependent.biz,84.77777777777777,5.304444444444444
suchheuscoursehetowithin.com,95.85714285714286,5.271428571428571
havecoloniesseparate.biz,79.91666666666667,5.419583333333333
takingwheneverconnected.biz,92.88888888888889,4.887407407407407
withhistorywhichwith.cn,82.65217391304348,4.042173913043478
ofdeclarationrightsthe.cn,83.92,5.3112
intoendowedtheirtowe.biz,68.75,5.103749999999999
inamongtoandpaymentmany.com,85.88888888888889,5.557777777777779
ingreatweallegianceprovide.net,90.9,5.3376666666666654
coloniesconsentlawshumble.com,100.82758620689656,5.724137931034484
hasourrightandandthe.biz,80.79166666666667,4.484166666666666
repeatedlikelythehas.biz,78.91666666666667,4.537083333333333
forperfidyforholdpeople.net,76.77777777777777,4.951851851851852
andfactsaretheirtheir.com,80.64,5.548000000000001
thethesystemparalleled.biz,86.76923076923077,4.701153846153846
longconnectedgivingof.com,84.8,5.459199999999999
undistinguishedtothe.net,73.83333333333333,4.7804166666666665
onasbenefitsthemallegiance.net,96.9,5.500333333333334
itspursuingandinrest.net,74.875,4.861666666666666
ofdothemcompleteonce.com,74.79166666666667,6.2441666666666675
establishingabsolute.net,78.875,4.984999999999999
withthetoandhavingand.net,81.72,4.609199999999999
fortuneshemarkedappropriations.cn,102.9090909090909,5.385454545454547
mostwithfromamongwhen.net,77.88,5.168399999999999
theirourlivesdeclaration.biz,88.92857142857143,5.205000000000001
ofagesthemthingsforof.net,78.84,5.107599999999999
andarethepoliticaldo.com,74.91666666666667,5.756666666666667
alreadylongbeentheyobstructed.ru,101.90625,4.994062499999998
toofimpelrepeatedcongress.biz,89.86206896551724,5.418275862068964
provehishastilltheto.com,80.91666666666667,5.29875
intentionsweandcivil.ru,71.8695652173913,5.051304347826086
thethattroopshispeace.ru,76.875,5.324166666666667
reduceobtainedforofjurisdiction.ru,98.91176470588235,5.288823529411765
thetousurpationsdictate.net,81.85185185185185,5.447777777777777
unlesstheselegislative.biz,88.84615384615384,4.708076923076923
consentoforganizingbritish.cn,100.93103448275862,5.200689655172413
thetheseallrecordscalled.biz,97.71428571428571,5.1364285714285725
ofusthateveryofthein.biz,76.83333333333333,4.530833333333332
dissolvedbandsbritish.cn,85.875,4.593749999999999
thedeclaresalariesopposing.net,95.8,5.568
incapableforhavepass.com,82.875,5.293333333333334
createdsecureofconnections.cn,98.82758620689656,6.126551724137932
layingtowhichustherefore.cn,90.88888888888889,4.922962962962964
whichandtoofthatandthe.cn,86.64,4.8256
formtothesuchfullextend.ru,84.92307692307692,4.675000000000001
beyondfortorightsthe.net,74.875,5.0575
necessitywhichbegunpower.biz,96.92857142857143,4.432857142857142
hasestablishmentofhistory.biz,100.82758620689656,4.755862068965516
havemorecharacterthem.net,82.84,5.734400000000001
dictatewhengovernments.ru,79.88,5.1116
tieslikelypursuitasubstance.com,102.87096774193549,5.052903225806452
unfittakingandfreeruler.net,79.88888888888889,4.815185185185186
fatiguinghiscoastsdeclare.net,96.93103448275862,5.20448275862069
andlonghasandpressing.ru,81.75,4.749583333333333
rulernatureofdependent.com,74.84615384615384,5.486923076923077
historyorremindedofought.ru,78.88888888888889,5.14074074074074
depositoryofpeacethe.biz,73.91666666666667,5.154583333333332
fornecessaryhastheseem.net,87.84615384615384,5.56346153846154
livesknownendeavored.com,77.91666666666667,5.340416666666666
countryeventssufferance.com,90.85185185185185,5.374814814814815
reducesentbrethrenpetitioned.ru,90.74193548387096,5.380645161290322
recordsthatcongressthey.ru,89.73076923076923,5.326923076923076
historyofdeclaringtyranny.net,95.93103448275862,4.9527586206896554
themofcrowndisposedindependent.biz,106.76470588235294,4.987647058823528
ofconsentoutofsecure.biz,76.79166666666667,5.4925
andtrialoperationprinciples.net,93.90322580645162,5.542580645161289
ofwarnedsubjectderiving.net,84.88888888888889,4.6829629629629625
declarationtheofofcivilized.cn,98.9,5.268666666666665
weabolishingbeentyranny.net,87.92592592592592,4.808888888888889
barbaroushavedisavow.biz,80.75,4.4849999999999985
supremeinunanimousare.net,71.88,5.557599999999999
citizensofwithfromwithin.biz,91.67857142857143,4.437857142857142
whenrightreduceearth.cn,76.91304347826087,4.870869565217392
repeatedinbeandinhabitants.com,93.76666666666667,5.376
suchthatnottimestohigh.ru,83.92,4.9428
hastheirondefineravaged.ru,79.92307692307692,4.997692307692308
andhascuttingunitedunder.ru,83.85185185185185,4.6537037037037035
recordswithoutamongbeen.cn,83.92307692307692,5.495
alliancesofofextendhave.net,89.88888888888889,5.22074074074074
whosehassothepowerdespotism.biz,101.87096774193549,5.061935483870967
hasevincesofallhathfacts.biz,104.85714285714286,4.668928571428572
theirthethempolitical.com,79.68,5.5144
firmofotherthatrepresentation.net,96.84848484848484,5.6445454545454545
godhavepurposesupreme.cn,75.91666666666667,5.043333333333333
trialcoloniesatocauses.com,85.84615384615384,6.303076923076923
petitionedprovidence.ru,64.8695652173913,5.339565217391304
itthusgovernmentwill.cn,76.91304347826087,4.771304347826087
andrepeatednotjustthe.ru,70.91666666666667,5.0008333333333335
inhabitantsourdeclaring.biz,89.85185185185185,4.83
establishmentwhichof.com,83.91666666666667,5.046666666666666
sufferancedointentions.ru,75.88,5.342799999999999
ourpowersthetothecalled.com,84.81481481481481,5.667777777777779
abdicatedtheofthelegislature.com,100.8125,5.3271875
ournaturalizationitand.com,78.84615384615384,5.573076923076922
ourtruthspetitionedfor.com,74.88461538461539,5.552307692307692
keptandwethetownsenglish.cn,92.88888888888889,4.678148148148147
toisdeclarationalter.ru,68.91304347826087,5.780434782608695
objectinevitablybyof.com,79.91666666666667,4.824166666666667
theareassenttrialboundaries.cn,96.83333333333333,5.541999999999999
allourhaswartheandhas.biz,86.8,4.5864
politicalentitlethat.com,75.79166666666667,5.617083333333333
theyrightstheirabdicated.com,92.82142857142857,5.0167857142857155
arethemselvessuchthem.biz,88.72,4.8152
havefellowlawspledge.com,78.91666666666667,4.740833333333334
frompoliticaltheirlight.net,83.88888888888889,5.147037037037037
declarationabdicated.net,74.875,5.551666666666666
providenceofusurpations.com,83.92592592592592,5.504814814814814
governmentimmediateappealing.cn,94.87096774193549,5.412903225806452
timesalterhavethemand.ru,74.91666666666667,5.150416666666667
acquiesceourattempts.biz,76.91666666666667,5.116249999999999
whoserightswithrepeatedly.cn,92.92857142857143,4.668928571428572
inestimableandpublic.net,75.83333333333333,4.957499999999999
mostwarassumerightor.com,76.91666666666667,5.673750000000001
foreigntheconstrained.net,77.88,5.5448
transportingrefusedin.ru,71.875,4.96125
thesetheirperfidyenemies.com,84.78571428571429,5.415714285714286
peopleofgovernmentsdeclaring.ru,95.90322580645162,5.320967741935484
todeclaringdeclaring.net,77.29166666666667,5.370833333333334
theyexerciserepeatedly.net,82.88461538461539,5.18576923076923
thataandandfreethethem.net,80.53846153846153,5.148846153846154
largeprincipleslawsexample.cn,100.79310344827586,4.959655172413793
greathisareoffforwhich.ru,77.8,4.7724
hassamelightdeclaring.com,87.92,5.24
aprovetosacredthatcolonies.com,98.9,6.120333333333334
hashastheexamplethat.net,84.66666666666667,4.879583333333333
historyselfevidentand.net,79.92,4.884399999999999
forwarfareistheyevinces.biz,88.88888888888889,4.784814814814815
provincetrialinstituted.cn,82.88461538461539,5.235769230769231
iningovernedderiving.ru,68.69565217391305,4.789565217391305
impelalteringtheserepresentation.cn,108.8,5.611428571428572
themselvesabolishing.biz,84.91666666666667,4.578333333333332
peopleintotoisthesuch.cn,78.875,5.467083333333334
wedissolvedournaturalization.biz,100.8125,4.9134375000000015
peaceobtainedswarmsinstitute.ru,93.90322580645162,5.347419354838709
oftheirtoseascontract.biz,83.92,5.5927999999999995
onandfriendsaccordingly.net,89.88888888888889,5.1899999999999995
inthatthereinofthemselves.net,92.75862068965517,5.2413793103448265
brethrentradethemthe.biz,76.625,4.826666666666666
withnaturalizationpublic.ru,84.85185185185185,4.58074074074074
freeotherandwhichother.net,81.65384615384616,5.238846153846154
coloniestonewworldand.ru,72.875,5.478749999999999
sufferablepeacefreehas.cn,81.92,5.0972
theseourbutpetitioned.biz,72.88,4.943599999999998
ofheintyrannyheofofmanly.com,90.78571428571429,5.097142857142857
dependentforthesewhich.ru,78.84,4.7624
onthetruthsthattowith.net,79.76,4.938799999999999
oftruthsimmediateofis.net,71.88,5.322799999999998
soofwhichwealltobeen.ru,72.91304347826087,5.009130434782609
themtheathetheandthe.com,78.33333333333333,5.294583333333334
againstmoresalarieshas.com,86.88461538461539,5.905384615384616
andhasinbeininthefortunes.ru,87.85714285714286,4.964642857142856
oftheofitwiththisand.net,73.75,4.73375
worldusdistrictsaswhich.cn,94.88461538461539,4.678461538461539
sufferworldeveryabolish.biz,87.88888888888889,4.325555555555556
tyrantsusthemonlytroops.com,89.92592592592592,5.4511111111111115
separationcoloniesus.biz,77.875,5.543749999999999
thatthemtorightswhen.ru,74.82608695652173,4.67304347826087
creatorworldhistorybe.cn,78.75,5.436666666666667
theirunusualforhelegislative.ru,94.87096774193549,4.810645161290323
mustandtoabsolvedtogovernments.ru,104.81818181818181,5.332424242424241
aovertoandwarnedrights.com,82.92307692307692,5.45423076923077
tocommonunwarrantable.biz,79.92,5.392800000000001
acquiescetheirtoofhe.net,73.83333333333333,5.519583333333333
toabusespeopledisavow.net,75.92,5.2424
unlesshathlegislateor.com,84.84,5.3996
deafsuchperfidyprovidence.ru,87.85714285714286,4.5875
inanforhisofgeneralbecomes.ru,90.93103448275862,5.524482758620689
onrepresentativesappropriations.biz,107.71428571428571,5.420571428571429
todepositoryinvariably.biz,81.88461538461539,4.811153846153845
indeclaringbritishreduce.com,91.85714285714286,5.2975
exampleestablishment.biz,82.91666666666667,4.702499999999999
inandthemcompletepass.net,80.88,5.426799999999999
wherebyfortunesofall.net,73.875,4.84
seasandgoodonoffofthe.cn,76.875,5.486249999999999
theirwholesomecommerce.biz,83.84615384615384,5.69423076923077
connectedofcircumstances.biz,100.92857142857143,5.548571428571428
itsoursamehumbletotrain.cn,81.92307692307692,5.5042307692307695
becomesthemconsanguinity.net,92.89285714285714,5.487499999999999
formsinevitablyfriends.ru,77.92,4.6664
hemostinvasionsthemsuspended.com,106.8125,5.419062499999999
andprincefriendsourto.ru,70.83333333333333,5.257916666666667
byofandthebeenthenatures.biz,90.78571428571429,4.651428571428572
hasdissolveoftheevents.cn,88.88,5.0691999999999995
toourarecasesrectitude.cn,78.8,6.0152
itofanyundistinguished.cn,80.88,4.5611999999999995
boundarieswarsuchofthe.cn,83.88,4.98
foreigntheirthemselves.ru,77.76,5.070800000000001
lawstheirsecurityinof.net,78.92,5.017599999999999
amongextendtheytoand.com,78.875,5.4120833333333325
shouldrightsinothers.cn,80.91304347826087,4.888695652173913
inandandhashasinevitably.cn,96.66666666666667,4.660370370370369
bepetitionspowerrest.cn,69.8695652173913,5.484347826086957
theseandandbeyondhethe.ru,79.6,4.828
sacredabolishingheand.com,86.92,5.323599999999999
andabusestorectitude.com,74.91666666666667,5.599166666666666
ourusfriendsofustounfit.com,79.85185185185185,5.166296296296296
theandpeoplethemarked.com,77.8,5.3828000000000005
shownabolishingdistricts.biz,99.85714285714286,4.588571428571428
usandcreatedtransporting.cn,89.88888888888889,5.340740740740741
themouroftheoverandour.cn,75.68,5.5236
coloniesseasaswenatures.net,87.85185185185185,5.876666666666666
areitcasesimpelthefor.biz,79.92,5.2532
inforforeignersofwith.biz,75.8,4.771999999999999
ofenlargingarethatour.net,74.84,5.3804
freefreethemtownsabsolute.cn,86.75,5.374285714285714
iswitharmeddangerspatient.net,88.93103448275862,5.089310344827586
andcongresserectedencourage.ru,96.86666666666666,5.786666666666666
ofbritishtoofficersunusual.ru,88.86206896551724,4.90206896551724
combinedtheaaoffellow.net,75.88,5.3443999999999985
onheadathethethetheand.net,82.1923076923077,5.196923076923077
ofinhetowithrepresentative.com,90.9,5.506333333333334
anddeprivingthemlives.ru,75.875,4.497916666666667
todissolvedtoofhumble.ru,72.875,5.01625
hasaandrightacquiesce.cn,85.91666666666667,5.017916666666666
reliancedutyrightacts.biz,85.92,4.671999999999999
wartheofficestherights.cn,85.8,4.8524
hasandthemarkedwhich.net,83.91666666666667,4.642916666666666
forcivilizedcoastsothers.com,96.89285714285714,5.616071428571429
andourattendwithoutindependent.com,99.67647058823529,5.2941176470588225
newformidablewithbelives.cn,86.88888888888889,4.687777777777778
suchcommerceandbritish.biz,92.92307692307692,5.030384615384615
itofgreatthemtoainhabitants.ru,90.86666666666666,5.294666666666665
ageswhichtruthsfreeright.biz,96.89285714285714,4.268214285714285
ofshouldquarteringwith.cn,79.92,4.503599999999999
timesandtootherstoseem.com,79.88461538461539,6.253846153846155
refusedbeenhetheythe.net,73.70833333333333,4.8445833333333335
inindependentbearnew.ru,65.69565217391305,4.966086956521739
thatconsanguinityinconnections.net,115.70588235294117,5.570882352941176
bringnewwartogetherat.cn,76.91666666666667,5.006666666666667
neglectedforchangedfree.ru,81.8076923076923,5.13846153846154
arepursuitlargetheir.ru,65.8695652173913,4.982173913043479
mayactsrighttheseparation.cn,95.92857142857143,5.332500000000001
theforeignoutlawsformidable.net,91.83870967741936,5.161290322580645
totheirprovideitheprovide.biz,85.41379310344827,4.936551724137931
uscompletedomayfrontiers.net,84.85714285714286,5.602499999999999
hasdesigntimeandcoasts.cn,88.88,5.388800000000001
theirdeclarationshould.net,81.92307692307692,5.364230769230768
provideorperfidytoit.com,67.875,5.377083333333332
assumethannecessitythese.net,95.75,5.372142857142856
indespotismandtherights.cn,87.88461538461539,4.991923076923078
uslettobythatfrom4to.com,77.875,5.2375
andnecessitysafetytoo.com,82.88,5.671600000000001
undistinguishedatrelinquish.cn,97.7,4.505666666666667
largetroopsdissolvebe.com,80.92,5.6512
fromishasmostourname.ru,69.91304347826087,5.650434782608696
aretimesforfornowwith.cn,72.79166666666667,5.339583333333334
usourofsuchbeenforand.cn,78.91666666666667,5.124999999999999
awetimethelegislature.net,72.84,5.2912
ofoughttheseatobybeand.cn,81.88,4.9848
withtogetherenglishrender.ru,86.75,4.8982142857142845
markedofacommerceand.cn,75.91304347826087,5.890434782608696
recordsaremenoffenses.biz,80.84,5.493199999999999
rightsaregoodbetween.net,71.875,5.319583333333333
indiantounitedcitizens.net,79.88461538461539,5.248461538461537
weamongandictatetopretended.net,90.80645161290323,5.604838709677417
legislaturecoloniesof.cn,77.91666666666667,5.6866666666666665
foraandgovernmenttoof.com,75.92,5.855599999999999
changedandtheallinprotecting.biz,109.84375,4.8431250000000015
timecasespeaceonforwhen.com,87.92592592592592,5.988148148148149
ravagedhavesuffertroops.ru,80.88461538461539,4.806538461538461
initcombinedreliance.com,75.75,5.939166666666668
beofrepeatedtothepetitions.ru,79.79310344827586,5.525172413793103
oftocircumstancesrights.net,92.92592592592592,5.5162962962962965
havingcasesdoprotection.cn,90.92307692307692,5.5853846153846165
statesoftheandsosoin.ru,72.82608695652173,5.526521739130434
theseainissalariesarbitrary.biz,101.7741935483871,5.147096774193548
colonieslegislatureto.com,78.84,6.067600000000001
thewithsuchthemselves.cn,88.75,4.6125
thehisandreturnedhigh.ru,76.875,4.482500000000001
fortakinglawsinstrument.net,85.88888888888889,4.964074074074073
attendtoreturnedcommerce.ru,78.92592592592592,5.915555555555555
ofrecordsgreatestablishing.ru,93.89655172413794,5.210344827586208
legislaturescivilized.net,81.92,4.866399999999999
cuttingandconsentwhatsoever.net,103.93548387096774,5.331290322580645
thesemostandprovidence.biz,85.92307692307692,5.15076923076923
convulsionslongmanly.com,85.79166666666667,5.405
declarationofbeenlaws.net,77.88,5.487599999999999
therectitudelegislatures.biz,88.85714285714286,4.901071428571428
thenaturesrelinquish.com,76.875,5.102083333333333
whichwholesomesufferable.com,92.78571428571429,5.03607142857143
amongofinstitutedall.net,71.91666666666667,5.2491666666666665
thanpretendedsuchfrontiers.cn,96.93103448275862,5.131724137931034
intostatesthehashumble.biz,88.88461538461539,4.785384615384616
passwhoseconsentstates.ru,86.88,5.438399999999999
orunitedtheestablishment.ru,82.88888888888889,5.119999999999999
havetocrueltyforeign.ru,70.8695652173913,5.005217391304348
absoluteinevitablyatheir.biz,89.85714285714286,4.695357142857142
forourrelinquishpeace.cn,74.91666666666667,5.232083333333333
andourcongressofrepresentative.ru,101.81818181818181,5.5639393939393935
suspendedtheoutdesolation.ru,82.89285714285714,5.25
repeatedlyunfitemigration.net,81.86206896551724,5.242758620689655
fromsuchfriendsthein.com,79.83333333333333,5.16875
ofcountrymadeforthey.cn,73.91304347826087,5.169130434782609
areassumetheyrightsbrethren.net,100.74193548387096,5.1164516129032265
ourhaveprincipleswith.com,81.92,5.0356
atforsecurityforeign.com,73.79166666666667,5.535833333333333
forevincesmarkedhere.net,75.875,5.446666666666668
adoptedin1776refused.cn,74.04347826086956,4.136086956521738
againstwhatsoeverand.cn,78.91304347826087,5.123913043478261
bringmankindforhaveprotection.biz,107.9090909090909,4.944242424242426
agesofauthorityforms.net,72.875,5.266666666666667
isobstructinghistheassume.ru,93.82142857142857,4.970357142857142
peopleatbelargetheassent.cn,87.88888888888889,5.437777777777779
andpunishmentrepresentation.cn,95.8,5.379000000000001
hisonofofindependent.cn,71.69565217391305,5.235652173913043
ofwithinwhichdeclaration.com,92.89285714285714,5.175714285714286
toothersexcitedassent.net,82.88,5.684399999999999
insurrectionsforfrom.com,74.83333333333333,5.904583333333334
weofextendtheirassent.cn,79.875,5.159166666666666
theinhabitantsunusual.cn,81.875,4.687916666666667
themassentininoftheir.biz,80.76,4.998799999999999
thetheforthetopursuing.ru,74.6,4.787599999999999
andevincesofreducerule.ru,76.84,5.214800000000001
reducepeaceusindependent.ru,79.62962962962963,5.241851851851851
thereinamongonbeenhath.biz,84.84615384615384,5.12576923076923
livesownothersinabuses.cn,85.88,5.172
fortunestogeneralconnection.biz,99.83870967741936,5.667741935483872
equalmustholdtodirect.cn,76.91666666666667,5.090833333333333
histhemsupportselfevident.cn,92.92857142857143,4.8025
eatthesetohasshouldfor.biz,85.92307692307692,5.011538461538462
whichattendandrightof.ru,77.875,4.470833333333333
wouldforjustlawsinvested.biz,90.89285714285714,4.204999999999999
governmentstroopspeace.biz,84.92307692307692,5.453846153846153
ofthemwhoseeffectrights.com,88.92592592592592,5.164074074074074
thetheirtheyourabdicated.com,87.71428571428571,5.292857142857144
dogreatequalofnecessary.cn,84.92307692307692,5.3584615384615395
themeantimeotherimposing.ru,78.74074074074075,5.53888888888889
withinandwhosesoofpunishment.cn,102.93548387096774,4.902258064516129
andfromtyrannyunderthe.net,80.84615384615384,4.896153846153846
peoplehavefromhasall.biz,79.875,4.747083333333333
hewarconnectionsdissolutions.biz,108.6875,5.388125
itsoffdoconditionsbritain.ru,83.82142857142857,5.324285714285714
andthearmiespasschanged.biz,94.88888888888889,4.825555555555555
creatorkeptindependent.ru,73.72,5.317199999999999
thatformsofliveswithin.biz,85.88461538461539,4.478461538461537
hehavebetweenheitsworks.cn,88.88461538461539,4.869999999999999
peopletheisandandhas.ru,72.78260869565217,4.931739130434783
armiessuchtheearthlikely.biz,96.85714285714286,4.682499999999999
shallneighboringbritain.ru,84.84615384615384,4.698461538461538
themallfortotheourthey.com,80.65384615384616,5.498461538461539
preventshallgoodareto.com,79.88,5.7024
fromtimesdefineenemies.cn,73.84,5.700399999999999
lawsearthhisrepeated.com,76.875,5.360833333333333
legislativecasesaoflaws.cn,91.88461538461539,5.223076923076923
theirofandwhichformer.ru,73.91666666666667,4.893750000000001
thelargehisandarmies.biz,79.875,4.853749999999999
fromunlesstheassumeto.cn,79.875,5.451250000000001
greatthingsofbritish.net,77.91666666666667,4.807916666666666
repeatedtheamongtotime.cn,73.88,5.8216
fromcoloniestheadopted.cn,78.92,5.755599999999999
afortheourofficersare.cn,73.91666666666667,5.6816666666666675
absolvedthesuchourextend.cn,95.92592592592592,4.90888888888889
powerandatheithandstheir.cn,87.5925925925926,5.042592592592592
protectinginantoforobject.ru,85.75,5.511071428571427
publishpeaceexampleseparation.cn,106.9375,5.200312500000002
foreignersoughtbarbarous.net,85.75,5.241785714285713
measuresjurybritishrepeatedly.biz,104.84848484848484,4.593030303030302
theycircumstancesthese.com,93.73076923076923,5.600384615384616
byandonwithofusurpations.cn,87.88888888888889,4.755925925925926
takenorwithinrenderbeen.net,80.85185185185185,5.333703703703703
factsthatmeantimecongress.cn,98.89285714285714,5.626071428571428
landssubmittedpretended.biz,84.81481481481481,4.556666666666666
harassinofforofwhich.com,81.875,5.1937500000000005
tounlessfreeheinterrupt.com,81.92592592592592,5.495925925925927
istopetitionedandconstrains.ru,91.8,5.643
thehaveofinhegovernments.com,92.85714285714286,5.385357142857143
relinquishisseparation.cn,80.88,5.1688
pursuitbeenhastheonbe.com,79.88,5.2476
stageareothergovernments.net,87.89285714285714,5.7178571428571425
unlessprovidetoofmeantime.cn,85.89285714285714,5.5803571428571415
tothatrightsofrightrepresentation.cn,115.66666666666667,5.352500000000001
itswetheisoncerespect.net,80.88,5.6276
begunofotherscountry.cn,76.8695652173913,5.123043478260869
themselvesfriendsfor.net,76.875,5.0775
dictatecertainthegovernments.biz,105.84375,5.3225
commitandmilitarystation.cn,86.74074074074075,5.6362962962962975
rightareatoftheoffenses.biz,85.88888888888889,4.934074074074073
amountandassentarmsto.net,78.8,5.795999999999999
ourofthefrompunishment.com,78.84615384615384,5.406153846153846
1776letcaptiveandthe.ru,77.08695652173913,4.0291304347826085
creatoroftyrantsuffer.ru,71.91666666666667,5.1775
havetheofshouldinour.biz,77.875,4.563333333333333
placeshasandhavefordepriving.biz,110.90625,4.543125000000001
emigrationvoicetoofseparate.ru,85.83333333333333,5.922999999999998
ourrepeatedpeoplethis.cn,70.875,5.459583333333334
timeindependentsoimmediate.biz,85.73333333333333,5.364
formidablemeantimeabsolute.net,86.8,5.562666666666667
havethearmedheadtopeace.cn,84.76923076923077,5.482307692307692
repeatedonandlikelytheir.ru,79.92592592592592,5.074814814814814
whenandforeigndespotism.cn,83.88461538461539,5.070384615384615
derivinghastyrantsus.com,82.91666666666667,4.885833333333333
ofthedisavowbeofofof.ru,65.65217391304348,4.885217391304346
whenthingsformsconsanguinity.ru,104.87096774193549,4.74032258064516
provepoliticalscarcely.cn,88.88,5.447600000000001
ofitdeathdestructive.ru,68.82608695652173,4.913043478260869
ofthistransportingfor.cn,78.875,5.1825
andcausesandofrightuncomfortable.com,118.77777777777777,5.444999999999999
theirforgreateatthethe.biz,79.57692307692308,5.057307692307692
civilizedarmiesabolishing.ru,91.89285714285714,4.877857142857143
inbecomesrelinquishsuspending.com,108.78787878787878,5.140303030303031
formidableathewhichrights.net,95.93103448275862,4.741724137931034
safetyrefusedhathcivilized.net,98.86666666666666,4.550999999999999
theirandforhasnewbeen.cn,78.91666666666667,5.089999999999999
governmenttolegislative.net,83.88888888888889,5.416296296296296
hisitthesehefromofpass.net,83.88461538461539,5.187307692307692
reducecasesoffdeclaration.com,94.89655172413794,5.88689655172414
maytothemofmanylarge.cn,74.8695652173913,5.294347826086957
honortakingatheusmigration.net,93.86666666666666,5.401666666666667
otherthetotocalledthe.ru,73.58333333333333,5.559583333333333
pressingthethemofhis.cn,79.78260869565217,4.89782608695652
denouncestheisstates.com,80.83333333333333,5.78375
atthatofficersthehelegislation.ru,104.81818181818181,5.220606060606062
andformidableforsowhich.net,85.81481481481481,5.05
andcandidhasourlongour.cn,83.68,5.236800000000001
freeofareofbrethrenof.com,71.64,5.758000000000001
barbarouscoloniesthe.ru,72.78260869565217,5.544347826086957
providencemayjudiciary.net,81.92307692307692,4.908846153846154
areoftruthsrequireswithin.net,85.82758620689656,4.948275862068964
andthattyrannythisthat.com,90.65384615384616,4.851153846153846
declarationatheothers.cn,79.75,5.764583333333333
ofhighshouldofaorganizing.cn,95.89285714285714,4.672857142857142
itincapablearequires.ru,67.8695652173913,5.089565217391304
actsandthemhejustheand.com,90.65384615384616,5.092307692307691
tyrantbutpowerstransient.ru,82.77777777777777,4.95925925925926
aremaygreatthemselves.com,81.84,5.604400000000001
totheaofwarfareneglected.com,85.89285714285714,5.6625
andtolibertyhasthatbecomes.net,98.86666666666666,5.344333333333332
beenrepeatedpeoplemen.cn,69.83333333333333,5.6674999999999995
paralleledtheravaged.ru,70.78260869565217,4.830434782608696
toindeedthenowotherfor.ru,69.8,5.4388
topeopletimeallegiance.cn,76.84,5.802400000000001
fortimeainvestednative.net,76.84615384615384,5.400384615384614
thesewhoseisthemwith.cn,78.69565217391305,4.886521739130435
politicalcertainsecurity.cn,90.88888888888889,5.498518518518519
ofciviltoahitherbeen.ru,70.91304347826087,5.129130434782609
ofusbymustarbitrarycalled.com,95.86206896551724,4.99448275862069
britishtototrialravaged.com,84.77777777777777,5.480000000000001
andwecoloniesournotthe.ru,74.92,5.681599999999999
distantdissolutionsamongst.net,96.76666666666667,5.404333333333333
congressamongaccommodation.cn,100.72413793103448,6.257931034482759
andothersrighttoworld.biz,80.92,4.7871999999999995
ofanddotheourforlaws.ru,66.91304347826087,5.070434782608696
suchmankindbrethrenwe.biz,86.88,4.393999999999999
provideconsentlawswhich.net,92.92592592592592,4.975185185185184
theyhasofhetotoourof.ru,67.78260869565217,5.300434782608695
murdersthetimethetaken.net,78.65384615384616,5.275384615384614
lawsmultitudeathatunanimous.com,95.87096774193549,5.167096774193548
eatisonthisaretoforwithout.cn,88.86206896551724,5.589310344827586
oftransientpeoplethe.net,70.875,5.484583333333333
withallswarmslegislative.biz,95.89285714285714,4.412857142857141
themdeprivingdissolve.com,81.92,5.0196000000000005
ofconsanguinitytothat.ru,75.91666666666667,5.118333333333333
peoplecrownabsoluteconstrains.biz,109.87878787878788,5.393939393939393
inthethethecongressto.net,82.52,5.5276
independentappropriations.cn,84.75,5.363928571428572
justiceofandtoallinvariably.ru,95.93333333333334,4.822666666666667
goodthemselvesdepriving.biz,88.92592592592592,4.629259259259259
bewithlawswouldofofour.ru,71.76,4.491999999999999
enemiestointoandthis.net,71.83333333333333,5.756249999999998
ofofformswarofbrethren.biz,79.76923076923077,4.908846153846154
thetheirtheunwarrantable.cn,87.70370370370371,5.017037037037038
accommodationliberty.com,76.79166666666667,6.0512500000000005
torespectofficessafety.cn,83.84,5.4176
depositoryexerciseinto.net,79.88461538461539,5.721923076923076
theprotectingissuchright.com,96.92857142857143,5.175357142857143
oftimeshasinsurrections.ru,82.84615384615384,5.4592307692307696
accommodationofmenamerica.net,88.89655172413794,6.402413793103447
conjuredlargeorasgood.com,78.88,5.856
liveshashasabdicated.com,85.70833333333333,5.1258333333333335
thetheinestablishing.com,81.75,5.067083333333333
naturesoverabolishing.biz,82.92,4.875199999999999
themselvestheestablishment.biz,104.73333333333333,4.814333333333334
tothetheyofhastogovernment.com,96.8,5.600666666666667
ofconstrainedasstanding.net,88.81481481481481,5.441851851851851
ourandtherepeatedwhich.ru,75.92,4.9124
establishedandattention.net,84.88888888888889,5.333333333333332
inhabitantstimestocruelty.biz,95.86206896551724,4.944482758620689
calledaofcircumstances.net,90.92307692307692,5.645384615384614
annihilationprovidence.biz,83.92307692307692,5.072692307692307
hasandhaswhichrespect.net,91.8,4.8304
withandlayingwithare.ru,71.6086956521739,4.254347826086957
thecongresspretended.cn,77.8695652173913,5.378695652173913
andrightstoofshouldof.cn,79.875,4.9245833333333335
thereinpeopletheourindeed.biz,83.75862068965517,5.132758620689654
injuriesthebeenourwhich.cn,85.88461538461539,4.839230769230769
stageourrepresentative.com,78.84615384615384,5.798076923076923
governmentdeclaration.net,77.92,5.7132
indianthewholesomeand.biz,79.84,4.9483999999999995
theirruledeclaringsuch.com,87.92307692307692,5.231538461538463
otherswhenbeoftoundistinguished.net,108.85714285714286,4.949142857142855
rightsstateswhichindependent.ru,102.7741935483871,4.720322580645161
refusedannihilationthemselves.biz,107.9090909090909,4.918787878787879
abolishthefrontiersfirm.biz,86.92592592592592,4.8599999999999985
ofwhichthedeclarethey.cn,84.79166666666667,4.800000000000001
lawsandofgoodwarnedof.net,74.76,5.1048
fordissolutionstheemigration.net,95.78125,5.589062500000001
intoitstriedobjectevery.ru,77.92307692307692,5.209615384615384
tobeforgivinggovernments.cn,88.92592592592592,5.154444444444445
likelycaseshasrightof.cn,88.875,4.812083333333333
hasandkinghonorabdicated.cn,94.92592592592592,5.050740740740741
thatholdsoofbecomesdeclaration.com,111.76470588235294,5.951176470588236
timeformscongressravaged.net,90.92857142857143,5.538928571428571
fordespotismundistinguished.ru,90.83333333333333,4.775999999999998
thelegislatureandonabolishing.com,107.9090909090909,5.321212121212122
tyrantcircumstanceson.com,88.88,5.8427999999999995
toforseasdesolationother.cn,84.92592592592592,6.075925925925925
hasofconsenttrainpolitical.com,100.9,5.822333333333333
refusedwhichbringwhen.net,82.88,4.275199999999999
representationtriedwith.net,77.85185185185185,5.413703703703702
awayaftertheforbeenso.ru,70.91666666666667,5.145416666666667
tolegislativehisoutoff.com,80.84615384615384,5.323461538461538
